[
  {
    "time": "00:03",
    "quote_first": "It was ",
    "quote_time_case": "after twelve o'clock",
    "quote_last": " when Easton came home. Ruth recognised his footsteps before he reached the house, and her heart seemed to stop beating when she heard the clang of the gate, as it closed after he had passed through.",
    "title": "The Ragged Trousered Philanthropists",
    "author": "Robert Tressell",
    "sfw": "yes"
  },
  {
    "time": "00:03",
    "quote_first": "It was just ",
    "quote_time_case": "three minutes past midnight",
    "quote_last": " when I last saw Archer Harrison alive. I remember, because I said it was two minutes past and he looked at his watch and said it was three minutes past.",
    "title": "Since Ibsen",
    "author": "George Jean Nathan",
    "sfw": "yes"
  },
  {
    "time": "00:03",
    "quote_first": "Suddenly I felt a great stillness in the air, then a snapping of tension. I glanced at my watch. ",
    "quote_time_case": "Three minutes after midnight.",
    "quote_last": " I was breathing normally and my pen moved freely across the page. Whatever stalked me wasn’t quite as clever as I’d feared, I thought, careful not to pause in my work.",
    "title": "The Historian",
    "author": "Elizabeth Kostova",
    "sfw": "yes"
  }
]