[
  {
    "time": "00:02",
    "quote_first": "At ",
    "quote_time_case": "two minutes past twelve",
    "quote_last": " the door opens and two men come into the lobby. One is tall with black hair combed in a 50’s pompadour. The other is short and bespectacled. Both are wearing suits.",
    "title": "Billy Summers",
    "author": "Stephen King",
    "sfw": "yes"
  },
  {
    "time": "00:02",
    "quote_first": "",
    "quote_time_case": "Two minutes past midnight",
    "quote_last": ". With me in the lead the fourteen other men of Teams Yellow, White and Red moved out of the clearing and separated for points along the wall where they would cross over into the grounds.",
    "title": "Night of the Krait",
    "author": "Shashi Warrier",
    "sfw": "yes"
  }
]