[
  {
    "time": "00:01",
    "quote_first": "''She was wearing a watch. Not a digital one, in this life. An elegant, slender analogue one, with Roman numerals. It was about ",
    "quote_time_case": "a minute after midnight",
    "quote_last": ". \nHow is this happening?''",
    "title": "The Midnight Library",
    "author": "Matt Haig",
    "sfw": "yes"
  },
  {
    "time": "00:01",
    "quote_first": "With the appointed execution time of ",
    "quote_time_case": "one minute past midnight",
    "quote_last": " just seconds away, I knocked on the metal door twice. The lock turned and the door swiftly swung open.",
    "title": "Death at Midnight",
    "author": "Donald A. Cabana",
    "sfw": "yes"
  }
]