[
  {
    "time": "00:04",
    "quote_first": "At ",
    "quote_time_case": "four minutes past twelve",
    "quote_last": ", Frank Macintosh and Paulie Logan enter the lobby dressed in their suits. There are handshakes all around. Fran’s pompadour appears to have had an oil change.<br>“Need to check out?”<br>“Taken care of.”<br>“Then let’s go.”",
    "title": "Billy Summers",
    "author": "Stephen King",
    "sfw": "yes"
  },
  {
    "time": "00:04",
    "quote_first": "At ",
    "quote_time_case": "four minutes past midnight",
    "quote_last": ", January 22, Admiral Lowry&rsquo;s armada of more than 250 ships reached the transport area off Anzio. The sea was calm, the night was black.",
    "title": "Anzio: Epic of Bravery",
    "author": "Fred Sheehan",
    "sfw": "yes"
  }
]