[
  {
    "time": "00:19",
    "quote_first": "I leaped out of bed, ran down the stairs and into the kitchen through that harsh, searing light. The clock on the wall was showing ",
    "quote_time_case": "nineteen minutes past midnight",
    "quote_last": ". I grabbed my black raincoat from the hook by the back door, pulled on my wellington boots, one of which was almost impossible to get my foot into, and rushed outside.",
    "title": "After the Fire",
    "author": "Henning Mankell",
    "sfw": "yes"
  }
]