[
  {
    "time": "00:15",
    "quote_first": "At ",
    "quote_time_case": "twelve-fifteen",
    "quote_last": " he got out of the van. He tucked the pistol under the waistband of his trousers and crossed the silent, deserted street to the Hudston house.",
    "title": "Watchers",
    "author": "Dean Koontz",
    "sfw": "yes"
  },
  {
    "time": "00:15",
    "quote_first": "At ",
    "quote_time_case": "twelve-fifteen",
    "quote_last": " he got out of the van. He tucked the pistol under the waistband of his trousers and crossed the silent, deserted street to the Hudston house. He let himself through an unlocked wooden gate onto a side patio brightened only by moonlight filtered through the leafy branches of an enormous sheltering coral tree. He paused to pull on a pair of supple leather gloves.",
    "title": "Watchers",
    "author": "Dean Koontz",
    "sfw": "yes"
  }
]