[
  {
    "time": "00:12",
    "quote_first": "Clock time is ",
    "quote_time_case": "0 Hours, 12 Minutes",
    "quote_last": ", 0 Seconds. Twenty three minutes later, they have their first sight of Venus. Each lies with his Eye clapp&rsquo;d to the Snout of an identical two and a half foot Gregorian reflector made by Mr Short, with Darkening-Nozzles by Mr Bird.",
    "title": "Mason & Dixon",
    "author": "Thomas Pynchon",
    "sfw": "yes"
  },
  {
    "time": "00:12",
    "quote_first": "It was ",
    "quote_time_case": "twelve minutes past midnight",
    "quote_last": " when mother and daughter saw the first lightning strike. It hit the main barn with such force the ground trembled under their feet.",
    "title": "Kentucky heat",
    "author": "Fern Michaels",
    "sfw": "yes"
  }
]