[
  {
    "time": "00:10",
    "quote_first": "I stashed my basket of dirty rags and Turtle Wax by the exit door in the arcade. It was ",
    "quote_time_case": "ten past noon",
    "quote_last": ", but right then food wasn't what I was hungry for. I walked slowly along the track and into Horror House.",
    "title": "Joyland",
    "author": "Stephen King",
    "sfw": "yes"
  },
  {
    "time": "00:10",
    "quote_first": "It was at ",
    "quote_time_case": "ten minutes past midnight",
    "quote_last": ". Three police cars, Alsations and a black maria arrive at the farmhouse. The farmer clad only in a jock-strap, refused them entry.",
    "title": "The Queue",
    "author": "Jonathan Barrow",
    "sfw": "yes"
  }
]