[
  {
    "time": "00:26",
    "quote_first": "&ldquo;A Mr Dutta from King&rsquo;s Cross called and told me you were on your way. He said you wanted to see the arrival of yesterday&rsquo;s ",
    "quote_time_case": "12.26am.",
    "quote_last": " It&rsquo;ll take me a few minutes to cue up the footage. Our regular security bloke isn&rsquo;t here today; he&rsquo;s up before Haringey Magistrates' Court for gross indecency outside the headquarters of the Dagenham Girl Pipers.&quot;",
    "title": "Bryant & May Off the Rails",
    "author": "Christopher Fowler",
    "sfw": "yes"
  }
]