[
  {
    "time": "00:20",
    "quote_first": "''But by the time he reached the top of the hill the woman's body had basically been eaten up already by the flies, right?'' my friend said.\n''In a sense,'' his girlfriend replied.\n''In a sense being eaten by the flies makes it a sad story, doesn't it?'' my friend said.\n''Yes, I guess so,'' she said after giving it some thought. ''What do  you think?'' she asked me.\n''Sounds like a sad story to me,'' I replied.\nIt was ",
    "quote_time_case": "twelve twenty",
    "quote_last": " when my cousin came back.",
    "title": "Blind Willow, Sleeping Woman",
    "author": "Haruki Murakami",
    "sfw": "yes"
  },
  {
    "time": "00:20",
    "quote_first": "Now she was kneading the little ball of hot paste on the convex margin of the bowl and I could smell the opium. There is no smell like it. Beside the bed the alarm-clock showed ",
    "quote_time_case": "twelve-twenty",
    "quote_last": ", but already my tension was over. Pyle had diminished.",
    "title": "The Quiet American",
    "author": "Graham Greene",
    "sfw": "yes"
  }
]