[
  {
    "time": "00:27",
    "quote_first": "Blake came off the bus behind a pudgy woman carrying a sleeping baby in her arms. The bus driver was talking to a flashy little twist He didn’t even turn to look at the woman and her baby. Blake caught her as she stumbled. She turned and smiled wearily at him. Blake nodded to her and looked up at the terminal clock. It was then ",
    "quote_time_case": "twenty-seven minutes past midnight",
    "quote_last": ".",
    "title": "Mourn the Hangman",
    "author": "Harry Whittington",
    "sfw": "yes"
  }
]