[
  {
    "time": "00:33",
    "quote_first": "Stephen Maxie looked him straight in the eye and said almost casually: “It was ",
    "quote_time_case": "thirty-three minutes past twelve",
    "quote_last": " by my watch.",
    "title": "Cover Her Face",
    "author": "PD James",
    "sfw": "yes"
  },
  {
    "time": "00:33",
    "quote_first": "&ldquo;So that at twelve-thirty-three you bolted the south door?&rdquo; &ldquo;Yes,&rdquo; replied Stephen Maxie easily. &ldquo;At ",
    "quote_time_case": "thirty-three minutes past midnight",
    "quote_last": ".&quot;",
    "title": "Cover her Face",
    "author": "P.D. James",
    "sfw": "yes"
  }
]