[
  {
    "time": "00:35",
    "quote_first": "Mrs. Gentrie looked at the clock. It was ",
    "quote_time_case": "thirty-five minutes past midnight",
    "quote_last": ".",
    "title": "The Case of the Empty Tin",
    "author": "Erle Stanley Gardner",
    "sfw": "yes"
  },
  {
    "time": "00:35",
    "quote_first": "The clock read ",
    "quote_time_case": "thirty-five minutes past midnight",
    "quote_last": ". I was dazed from the deepness of the sleep. Who could be calling me at this hour?",
    "title": "A Cat on the Cutting Edge",
    "author": "Lydia Adamson",
    "sfw": "yes"
  }
]