[
  {
    "time": "00:38",
    "quote_first": "Somewhere he&rsquo;d lost three days; for he&rsquo;d entered the burning veil Thursday, ",
    "quote_time_case": "thirty-eight minutes past midnight",
    "quote_last": ". Yes. But keep cool. There&rsquo;s more at stake than three lost days. There must be; otherwise why the police?",
    "title": "Redemolished",
    "author": "Alfred Bester",
    "sfw": "yes"
  },
  {
    "time": "00:38",
    "quote_first": "Justin turned on the light and groggily looked at the Sony clock radio which said it was ",
    "quote_time_case": "12:38 a.m.",
    "quote_last": " The screams in his dream had been painfully, frighteningly real, but he could not remember where the screams had come from.",
    "title": "Crow's Nest",
    "author": "G.V. Miller",
    "sfw": "yes"
  }
]