[
  {
    "time": "00:45",
    "quote_first": "It was a banging shutter somewhere below that woke me. I picked my watch up from the night table and saw it was ",
    "quote_time_case": "quarter of one",
    "quote_last": ". I didn’t think there was going to be any more sleep for me until that banging stopped, so I got dressed, started out the door, then returned to the closet for my slicker. When I got downstairs, I paused. From the big bedroom down the hall from the parlor, I could hear Mrs. S sawing wood in long, noisy strokes. No banging shutter was going to break her rest.",
    "title": "Joyland",
    "author": "Stephen King",
    "sfw": "yes"
  },
  {
    "time": "00:45",
    "quote_first": "At ",
    "quote_time_case": "12.45",
    "quote_last": ", during a lull, Mr Yoshogi told me that owing to the war there were now many more women in England than men.",
    "title": "Pig and Pepper: A Comedy of Youth",
    "author": "David Footman",
    "sfw": "yes"
  },
  {
    "time": "00:45",
    "quote_first": "At the thought he jumped to his feet and took down from its hook the coat in which he had left Miss Viner&rsquo;s letter. The clock marked the ",
    "quote_time_case": "third quarter after midnight",
    "quote_last": ", and he knew it would make no difference if he went down to the post-box now or early the next morning; but he wanted to clear his conscience, and having found the letter he went to the door.",
    "title": "The Reef",
    "author": "Edith Wharton",
    "sfw": "yes"
  }
]