[
  {
    "time": "00:55",
    "quote_first": "At ",
    "quote_time_case": "five minutes to one",
    "quote_last": ", the host of the show emerged from a heated tent to massive applause from the crowd. She was dressed in a fuchsia coat, with a black turtleneck, a knee-length skirt, black tights, and knee-high boots.",
    "title": "The First Phone Call From Heaven",
    "author": "Mitch Albom",
    "sfw": "yes"
  },
  {
    "time": "00:55",
    "quote_first": "He rolled one way, rolled the other, listened to the loud tick of the clock, and was asleep a minute later. ",
    "quote_time_case": "Five to one",
    "quote_last": " in the morning. Fifty-one hours to go.",
    "title": "61 Hours",
    "author": "Lee Child",
    "sfw": "yes"
  }
]