[
  {
    "time": "01:10",
    "quote_first": "It was at ",
    "quote_time_case": "ten minutes past one",
    "quote_last": " by Bond’s watch when, at the high table, the whole pattern of play suddenly altered.",
    "title": "Casino Royale",
    "author": "Ian Fleming",
    "sfw": "yes"
  },
  {
    "time": "01:10",
    "quote_first": "February 26, Saturday - Richards went out ",
    "quote_time_case": "1.10am",
    "quote_last": " and found it clearing a bit, so we got under way as soon as possible, which was 2:10a.m.",
    "title": "South: The Endurance Expedition",
    "author": "Ernest Shackleton",
    "sfw": "yes"
  }
]