[
  {
    "time": "01:12",
    "quote_first": "It was ",
    "quote_time_case": "1:12am",
    "quote_last": " when Father arrived at the police station. I did not see him until 1:28am but I knew he was there because I could hear him. He was shouting, &lsquo;I want to see my son,&rsquo; and &lsquo;Why the hell is he locked up?&rsquo; and, &lsquo;Of course I&rsquo;m bloody angry.'",
    "title": "The Curious Incident of the Dog in the Night-Time",
    "author": "Mark Haddon",
    "sfw": "yes"
  }
]