[
  {
    "time": "01:15",
    "quote_first": "I am sorry, therefore, as I have said, that I ever paid any attention to the footsteps. They began about a ",
    "quote_time_case": "quarter past one",
    "quote_last": " o'clock in the morning, a rhythmic, quick-cadenced walking around the dining-room table.",
    "title": "My Life and Hard Times: \"The Night the Ghost Got In\"",
    "author": "James Thurber",
    "sfw": "yes"
  },
  {
    "time": "01:15",
    "quote_first": "Lily Chen always prepared an &lsquo;evening&rsquo; snack for her husband to consume on his return at ",
    "quote_time_case": "1.15am.",
    "quote_last": "",
    "title": "Sour Sweet",
    "author": "Timothy Mo",
    "sfw": "yes"
  },
  {
    "time": "01:15",
    "quote_first": "The ghost that got into our house on the night of November 17, 1915, raised such a hullabaloo of misunderstandings that I am sorry I didn&rsquo;t just let it keep on walking, and go to bed. Its advent caused my mother to throw a shoe through a window of the house next door and ended up with my grandfather shooting a patrolman. I am sorry, therefore, as I have said, that I ever paid any attention to the footsteps. They began about a ",
    "quote_time_case": "quarter past one",
    "quote_last": " o'clock in the morning, a rhythmic, quick-cadenced walking around the dining-room table.",
    "title": "My Life and Hard Times: \"The Night the Ghost Got In\"",
    "author": "James Thurber",
    "sfw": "yes"
  }
]