[
  {
    "time": "01:17",
    "quote_first": "At that moment (it was ",
    "quote_time_case": "seventeen minutes past one",
    "quote_last": " in the morning) Lieutenant Bronsfield was preparing to leave the watch and return to his cabin, when his attention was attracted by a distant hissing noise.",
    "title": "A voyage round the moon",
    "author": "Jules Verne",
    "sfw": "yes"
  },
  {
    "time": "01:17",
    "quote_first": "The clocks stopped at ",
    "quote_time_case": "1:17",
    "quote_last": ". A long shear of light and then a series of low concussions. He got up and went to the window. What is it? she said. He didnt answer. He went into the bathroom and threw the lightswitch but the power was already gone. A dull rose glow in the windowglass. He dropped to one knee and raised the lever to stop the tub and then turned on both taps as far as they would go. She was standing in the doorway in her nightwear, clutching the jamb, cradling her belly in one hand. What is it? she said. What is happening?",
    "title": "The Road",
    "author": "Cormac McCarthy",
    "sfw": "yes"
  }
]