[
  {
    "time": "01:28",
    "quote_first": "It was 1:12 am when Father arrived at the police station. I did not see him until ",
    "quote_time_case": "1:28 am",
    "quote_last": " but I knew he was there because I could hear him. He was shouting, &lsquo;I want to see my son,&rsquo; and &lsquo;Why the hell is he locked up?&rsquo; and, &lsquo;Of course I&rsquo;m bloody angry.'",
    "title": "The Curious Incident Of The Dog In The Night-Time",
    "author": "Mark Haddon",
    "sfw": "yes"
  }
]