[
  {
    "time": "01:20",
    "quote_first": "I woke up and glanced at my watch on the table next to my bed. It was ",
    "quote_time_case": "one twenty",
    "quote_last": ". My heart was beating furiously. I slid off the bed down onto the carpet, sat cross-legged, and took some deep breaths. Then I held my breath, relaxed my shoulders, sat up straight, and tried to focus. I must have swum too much, I decided, or got too much sun.",
    "title": "Blind Willow, Sleeping Woman",
    "author": "Haruki Murakami",
    "sfw": "yes"
  },
  {
    "time": "01:20",
    "quote_first": "&ldquo;Well!&rdquo; she said, looking like a minor female prophet about to curse the sins of the people. &ldquo;May I trespass on your valuable time long enough to ask what in the name of everything bloodsome you think you&rsquo;re playing at, young piefaced Bertie? It is now some ",
    "quote_time_case": "twenty minutes past one",
    "quote_last": " o'clock in the morning, and not a spot of action on your part.&rdquo;",
    "title": "Jeeves and the Feudal Spirit",
    "author": "P.G. Wodehouse",
    "sfw": "yes"
  },
  {
    "time": "01:20",
    "quote_first": "Then it was ",
    "quote_time_case": "1.20am",
    "quote_last": ", but I hadn&rsquo;t heard Father come upstairs to bed. I wondered if he was asleep downstairs or whether he was waiting to come in and kill me. So I got out my Swiss Army Knife and opened the saw blade so that I could defend myself.",
    "title": "The Curious Incident Of The Dog In The Night-Time",
    "author": "Mark Haddon",
    "sfw": "yes"
  }
]