[
  {
    "time": "01:32",
    "quote_first": "I sat down on the couch again and looked at my watch It was ",
    "quote_time_case": "one thirty-two",
    "quote_last": ". I shut my eyes and focused on a spot in my head. My mind a total blank, I gave myself up to the sands of time and let the flow take me wherever it wanted.",
    "title": "Blind Willow, Sleeping Woman",
    "author": "Haruki Murakami",
    "sfw": "yes"
  },
  {
    "time": "01:32",
    "quote_first": "She grinned at him with malicious playfulness, showing great square teeth, and then ran for the stairs. ",
    "quote_time_case": "One-thirty-two",
    "quote_last": ". She thought that she heard a whistle blown and took the last three steps in one stride.",
    "title": "Stamboul Train",
    "author": "Graham Greene",
    "sfw": "yes"
  }
]