[
  {
    "time": "01:50",
    "quote_first": "She had to get out of this goddam camper. It might be the biggest, luxiest one in the world, but right now it felt the size of a coffin. She made her way to the door, holding onto things to keep her balance. She glanced at the clock on the dashboard before she went out. ",
    "quote_time_case": "Ten to two",
    "quote_last": ". Everything had happened in just twenty minutes. Incredible.",
    "title": "Doctor Sleep",
    "author": "Stephen King",
    "sfw": "yes"
  },
  {
    "time": "01:50",
    "quote_first": "No, she thought: every spinster legal secretary, bartender, and orthodontist had a cat or two—and she could not tolerate (not even as a lark, not even for a moment at ",
    "quote_time_case": "ten minutes before two AM",
    "quote_last": "), embodying cliché.",
    "title": "Dog",
    "author": "Michelle Herman",
    "sfw": "yes"
  }
]