[
  {
    "time": "02:00",
    "quote_first": "“That night I awoke around ",
    "quote_time_case": "two o’clock",
    "quote_last": " to the sound of distant thunder and realized all over again that Mr. Harrigan was dead. <br>I was in my bed and he was in the ground.”",
    "title": "If it Bleeds",
    "author": "Stephen King",
    "sfw": "yes"
  },
  {
    "time": "02:00",
    "quote_first": "Jessica heard the disturbance in the great hall, turned on the light beside her bed. The clock there had not been properly adjusted to local time, and she had to subtract twenty-one minutes to determine that it was about ",
    "quote_time_case": "2 A.M.",
    "quote_last": "<br>The disturbance was loud and incoherent .<br>Is this the Harkonnen attack? she wondered.",
    "title": "Dune",
    "author": "Frank Herbert",
    "sfw": "yes"
  },
  {
    "time": "02:00",
    "quote_first": "Then yesterday morning a student - Amy Chan - was brought into the Twin Falls station by her mother. Amy claimed she had seen Leena stumbling drunkenly along the Devil’s Bridge sidewalk at around ",
    "quote_time_case": "2:00 a.m.",
    "quote_last": " on Saturday, November 15.",
    "title": "Beneath Devil’s Bridge",
    "author": "Loreth Anne White",
    "sfw": "yes"
  },
  {
    "time": "02:00",
    "quote_first": "“The clock in the centre on the wall in the cafe chimed to announce it was ",
    "quote_time_case": "Two o’clock in the morning",
    "quote_last": ".  In the middle of the night, everything was silent.”",
    "title": "Before the coffee gets cold: Tales from the cafe",
    "author": "Toshikazu Kawaguchi",
    "sfw": "yes"
  },
  {
    "time": "02:00",
    "quote_first": "“It’s a delusional painter who finishes a canvas at ",
    "quote_time_case": "two o’clock",
    "quote_last": " and expects radical societal transformation by four. Even when artists write manifestos, they are (hopefully) aware that their exigent tone is, finally, borrowed, only echoing and mimicking the urgency of the guerrilla’s demands, or the activist’s protests, rather than truly enacting it. The people sometimes demand change. They almost never demand art.”",
    "title": "Intimations",
    "author": "Zadie Smith",
    "sfw": "yes"
  },
  {
    "time": "02:00",
    "quote_first": "Jessica heard the disturbance in the great hall, turned on the light beside her bed. The clock there had not been properly adjusted to local time, and she had to subtract twenty-one minutes to determine that it was about ",
    "quote_time_case": "2 A.M.",
    "quote_last": "",
    "title": "Dune",
    "author": "Frank Herbert",
    "sfw": "yes"
  },
  {
    "time": "02:00",
    "quote_first": "“My dear Mr. Sherlock Holmes:<br>“There has been a bad business during the night at 3, Lauriston Gardens, off the Brixton Road. Our man on the beat saw a light there about ",
    "quote_time_case": "two in the morning",
    "quote_last": ", and as the house was an empty one, suspected that something was amiss.”",
    "title": "A Study in Scarlet",
    "author": "Sir Arthur Conan Doyle",
    "sfw": "yes"
  },
  {
    "time": "02:00",
    "quote_first": "With the wigs taken care of, he puts on of the blank Staples notebooks beside his personal lappie and begins a virtual tour of houses and apartments for rent. He finds a number of possibles, but any boots-on-the-ground investigation will have to wait until he gets his goods from Amazon.<br>It’s only ",
    "quote_time_case": "two o’clock",
    "quote_last": " when he finishes his virtual house-hunting, too early to call it a day. It’s actually time to start writing.",
    "title": "Billy Summers",
    "author": "Stephen King",
    "sfw": "yes"
  },
  {
    "time": "02:00",
    "quote_first": "I woke to the dogs barking. I heard a door slam, and the sound of him moving into the kitchen. The fire had died out, the new wood unburned, but the lamp was still on. I peered at my watch; it was almost ",
    "quote_time_case": "two a.m.",
    "quote_last": " I felt cold and nauseous. I got up and smoothed my hair. I nudged Karen with a toe; she blinked awake.",
    "title": "The Body Lies",
    "author": "Jo Baker",
    "sfw": "yes"
  },
  {
    "time": "02:00",
    "quote_first": "According to his Timex, it was ",
    "quote_time_case": "two in the morning",
    "quote_last": ". The room was cold, but his arms and chest were slimy with sweat.<br>Want some advice, Honeybear?<br>“No,” he said. “Not from you.”",
    "title": "Doctor Sleep",
    "author": "Stephen King",
    "sfw": "yes"
  },
  {
    "time": "02:00",
    "quote_first": "Although it was ",
    "quote_time_case": "two in the morning",
    "quote_last": ", Momo answered on the second ring. She was eighty-five, and her sleep was as thin as her skin.",
    "title": "Doctor Sleep",
    "author": "Stephen King",
    "sfw": "yes"
  },
  {
    "time": "02:00",
    "quote_first": "“I’ll try the Infermiterol,” I said curtly.<br>“Good. And eat a high-dairy meal each day. Did you know that cows can choose to sleep standing up or lying down? Given the option, I know what 𝘐’𝘥 pick. Have you ever made yogurt on the stove? Don’t answer that. We’ll save the cooking lesson for our next meeting. Now write this down because I have a feeling  you’re too psychotic to remember: Saturday, January twentieth, at ",
    "quote_time_case": "two o’clock",
    "quote_last": ". And try the Infermiterol. Bye bye.”",
    "title": "My Year of Rest and Relaxation",
    "author": "Ottessa Moshfegh",
    "sfw": "yes"
  },
  {
    "time": "02:00",
    "quote_first": "When I came home to West Egg that night I was afraid for a moment that my house was on fire. ",
    "quote_time_case": "Two o’clock",
    "quote_last": " and the whole corner of the peninsula was blazing with light, which fell unreal on the shrubbery and made thin elongating glints upon the roadside wires.",
    "title": "The Great Gatsby",
    "author": "F. Scott Fitzgerald",
    "sfw": "yes"
  },
  {
    "time": "02:00",
    "quote_first": "Henry held out his hand for the note, which Victoria gave over in exchange for a Sweet Caporal. There were only four words: 𝘛𝘰𝘮𝘰𝘳𝘳𝘰𝘸 𝘮𝘰𝘳𝘯𝘪𝘯𝘨. ",
    "quote_time_case": "2 𝘰’𝘤𝘭𝘰𝘤𝘬",
    "quote_last": ".",
    "title": "Full Dark, No Stars",
    "author": "Stephen King",
    "sfw": "yes"
  },
  {
    "time": "02:00",
    "quote_first": "She knew he must have his own history of her, everything from the cinnamon-flavored ChapStick she used on her lips in the winter to the smell of her shampoo when he nuzzled the back of her neck (that nuzzle didn’t come so often now, but it still came) to the click of her computer at ",
    "quote_time_case": "two in the morning",
    "quote_last": " on those two or three nights a month when sleep for some reason jilted her.",
    "title": "Full Dark, No Stars",
    "author": "Stephen King",
    "sfw": "yes"
  },
  {
    "time": "02:00",
    "quote_first": "She shut off her computer and climbed to the second floor at a slow trudge. The shower eased her back and couple of Tylenol would probably ease it more by ",
    "quote_time_case": "two AM",
    "quote_last": " or so; she was sure she’d be awake to find out.",
    "title": "Full Dark, No Stars",
    "author": "Stephen King",
    "sfw": "yes"
  },
  {
    "time": "02:00",
    "quote_first": "At ",
    "quote_time_case": "2:00 a.m.",
    "quote_last": " the night peaked, and the trio decided to head back to Cleo and Frank’s place. Zoe was sitting with Audrey on the large fire escape learning how to roll the perfect joint when Cleo clambered out, her arms laden with colorful Popsicles.",
    "title": "Cleopatra and Frankenstein",
    "author": "by Coco Mellors",
    "sfw": "yes"
  },
  {
    "time": "02:00",
    "quote_first": "“Saturday afternoon?” she asked.<br>He winked at Billy and squeezed the girl’s head in the crook of his arm. “No. ",
    "quote_time_case": "Two o’clock",
    "quote_last": " Saturday night. Slip up and knock on that same window you was at this morning. I’ll talk the night aide into letting you in.”",
    "title": "One Flew Over the Cuckoo’s Nest",
    "author": "Ken Kesey",
    "sfw": "yes"
  },
  {
    "time": "02:00",
    "quote_first": "“I’ve been waiting here all night,” Shawn said. “Tell me everything.”<br>“Shawn,” she said. “It’s all amazing. Where do I even begin &hellip;”<br>They talked until ",
    "quote_time_case": "two A.M.",
    "quote_last": "",
    "title": "Reprieve",
    "author": "James Han Mattson",
    "sfw": "yes"
  },
  {
    "time": "02:00",
    "quote_first": "Nearly four months after her marriage to Hossein and three days after the momentous Black Friday massacre in Jaleh Square, Bahar had crept into her sisters’ Tehran apartment at ",
    "quote_time_case": "two in the morning",
    "quote_last": ". She slipped so quietly into the single bed she had once shared with little Layla that Marjan did not notice her until the coming of dawn.",
    "title": "Pomegranate Soup",
    "author": "Marsha Mehran",
    "sfw": "yes"
  },
  {
    "time": "02:00",
    "quote_first": "“At ",
    "quote_time_case": "two o’clock",
    "quote_last": " back at the Weatherbys’ Sally asked her if she and Amory had had a “time” in the den. Isabelle turned to her quietly. In her eyes was the light of the idealist, the inviolate dreamer of Joan-like dreams.”",
    "title": "This Side of Paradise",
    "author": "F. Scott Fitzgerald",
    "sfw": "yes"
  },
  {
    "time": "02:00",
    "quote_first": "&ldquo;The middle of the night?&rdquo; Alec asked sharply.&ldquo;Can you be more definite?&rdquo; &ldquo;",
    "quote_time_case": "About two",
    "quote_last": ". Just past.&rdquo; Daisy noted that he expressed no concern for her safety.",
    "title": "Dead in the water",
    "author": "Carola Dunn",
    "sfw": "yes"
  },
  {
    "time": "02:00",
    "quote_first": "As ",
    "quote_time_case": "two o'clock",
    "quote_last": " pealed from the cathedral bell, Jean Valjean awoke.",
    "title": "Les Miserables",
    "author": "Victor Hugo",
    "sfw": "yes"
  },
  {
    "time": "02:00",
    "quote_first": "Get on plane at ",
    "quote_time_case": "2 A.M.",
    "quote_last": ", amid bundles, chickens, gypsies, sit opposite pair of plump fortune tellers who groan and (very discreetly) throw up all the way to Tbilisi.",
    "title": "Bech: A Book",
    "author": "J. Updike",
    "sfw": "yes"
  },
  {
    "time": "02:00",
    "quote_first": "Lady Macbeth: Out, damned spot! out, I say!—One: ",
    "quote_time_case": "two",
    "quote_last": ": why, then, &lsquo;tis time to do&rsquo;t.—Hell is murky!—Fie, my lord, fie! a soldier, and afeard? What need we fear who knows it, when none can call our power to account?—Yet who would have thought the old man to have had so much blood in him.",
    "title": "Macbeth",
    "author": "Shakespeare",
    "sfw": "yes"
  },
  {
    "time": "02:00",
    "quote_first": "Somewhere behind a screen a clock began wheezing, as though oppressed by something, as though someone were strangling it. After an unnaturally prolonged wheezing there followed a shrill, nasty, and as it were unexpectedly rapid, chime - as though someone were suddenly jumping forward. ",
    "quote_time_case": "It struck two.",
    "quote_last": " I woke up, though I had indeed not been asleep but lying half-conscious.",
    "title": "Notes from the underground",
    "author": "Fyodor Dostoyevsky",
    "sfw": "yes"
  },
  {
    "time": "02:00",
    "quote_first": "When all had grown quiet and Fyodor Pavlovich went to bed at around ",
    "quote_time_case": "two o'clock",
    "quote_last": ", Ivan Fyodorovich also went to bed with the firm resolve of falling quickly asleep, as he felt horribly exhausted.&lsquo;",
    "title": "The Brothers Karamazov",
    "author": "Fyodor Dostoyevsky",
    "sfw": "yes"
  }
]