[
  {
    "time": "02:05",
    "quote_first": "At ",
    "quote_time_case": "2.05",
    "quote_last": " the fizzy tights came crackling off.",
    "title": "London Fields",
    "author": "Martin Amis",
    "sfw": "yes"
  },
  {
    "time": "02:05",
    "quote_first": "Then he began ringing the bell. In about ten minutes his valet appeared, half dressed, and looking very drowsy. ‘I am sorry to have had to wake you up, Francis,' he said, stepping in; ‘but I had forgotten my latch-key. What time is it?' ‘",
    "quote_time_case": "Five minutes past two",
    "quote_last": ", sir,' answered the man, looking at the clock and yawning. ‘Five minutes past two? How horribly late! You must wake me at nine to-morrow. I have some work to do.'",
    "title": "The Picture of Dorian Gray",
    "author": "Oscar Wilde",
    "sfw": "yes"
  }
]