[
  {
    "time": "02:15",
    "quote_first": "It was the middle of the night when the phone rang. He opened his eyes to find the clock reading ",
    "quote_time_case": "2:15",
    "quote_last": ". At first he was too groggy to grasp why a bell might be ringing nearby, but he shook his head and, almost unconsciously, picked up the receiver and held it to his ear.",
    "title": "Blind Willow, Sleeping Woman",
    "author": "Haruki Murakami",
    "sfw": "yes"
  },
  {
    "time": "02:15",
    "quote_first": "At ",
    "quote_time_case": "2.15am",
    "quote_last": " a policeman observed the place in darkness, but with the stranger&rsquo;s motor still at the curb.",
    "title": "The Shadow Out of Time",
    "author": "H.P. Lovecraft",
    "sfw": "yes"
  },
  {
    "time": "02:15",
    "quote_first": "It did. When the alarm rang at ",
    "quote_time_case": "two fifteen",
    "quote_last": ", Lew shut it off, snapped on the little bedside lamp, then swung his feet to the floor to sit on the edge of the bed, holding his eyes open.",
    "title": "The Night People",
    "author": "Jack Finney",
    "sfw": "yes"
  }
]