[
  {
    "time": "02:17",
    "quote_first": "&ldquo;What time is it now?&rdquo; He turned her very dusty alarm clock to check. &ldquo;",
    "quote_time_case": "Two-seventeen",
    "quote_last": ",&rdquo; he marveled. It was the strangest time he&rsquo;d seen in his entire life. &ldquo;I apologize that the room is so messy,&rdquo; Lalitha said. &ldquo;I like it. I love how you are. Are you hungry? I&rsquo;m a little hungry.&rdquo; &ldquo;No, Walter.&rdquo; She smiled. &ldquo;I&rsquo;m not hungry. But I can get you something.&rdquo; &ldquo;I was thinking, like, a glass of soy milk. Soy beverage.&quot;",
    "title": "Freedom",
    "author": "Jonathan Franzen",
    "sfw": "yes"
  },
  {
    "time": "02:17",
    "quote_first": "One of the &ldquo;choppers&rdquo; stopped, did an about-turn and came back to me. The flare spluttered and faded, and now the glare of the spotlight blinded me. I sat very still. It was ",
    "quote_time_case": "2.17",
    "quote_last": ". Against the noise of the blades a deeper resonant sound bit into the chill black air.",
    "title": "The Ipcress File",
    "author": "Len Deighton",
    "sfw": "yes"
  }
]