[
  {
    "time": "02:13",
    "quote_first": "Now, listen: your destination is Friday, 4 August 1944, and the window will punch through at 22.30 hours. You&rsquo;re going to a dimension that diverged from our own at ",
    "quote_time_case": "02.13",
    "quote_last": " on the morning of Wednesday 20 February 1918, over twenty-six years earlier. You don&rsquo;t know what it&rsquo;s going to be like&hellip;",
    "title": "The Second Internet Cafe, Part 1: The Dimension Researcher",
    "author": "Chris James",
    "sfw": "yes"
  }
]