[
  {
    "time": "02:10",
    "quote_first": "“",
    "quote_time_case": "Ten minutes past two",
    "quote_last": ", sir,&ldquo; answered the man, looking at the clock and blinking. &quot;Ten minutes past two? How horribly late! ..”",
    "title": "The Picture of Dorian Gray",
    "author": "Oscar Wilde",
    "sfw": "yes"
  },
  {
    "time": "02:10",
    "quote_first": "Decided to get under way again as soon as there is any clearance. Snowing and blowing, force about fifty or sixty miles an hour. February 26, Saturday - Richards went out 1:10am and found it clearing a bit, so we got under way as soon as possible, which was ",
    "quote_time_case": "2:10am",
    "quote_last": "",
    "title": "South: The Endurance Expedition",
    "author": "Ernest Shackleton",
    "sfw": "yes"
  }
]