[
  {
    "time": "02:21",
    "quote_first": "She woke up with a start, on a strange bed in a cold room. As rain pounded against the window, driven by a hammering wind, she remembered where she was and why she was still there.<br>For long tense moments, she didn’t move, letting the blurred edges of sleep slip away.<br>",
    "quote_time_case": "2:21 A.M.",
    "quote_last": "<br>So much for her vaguely sexual dreams.",
    "title": "Code Name: Princess",
    "author": "Christina Skye",
    "sfw": "yes"
  },
  {
    "time": "02:21",
    "quote_first": "",
    "quote_time_case": "2:21 a.m.",
    "quote_last": " Lance-Corporal Hartmann emerged from the house in the Rue de Londres.",
    "title": "The Night of the Generals",
    "author": "Hans Hellmut Kirst",
    "sfw": "yes"
  },
  {
    "time": "02:21",
    "quote_first": "It was the urge to look up at the sky. But of course there was no sun nor moon nor stars overhead. Darkness hung heavy over me. Each breath I took, each wet footstep, everything wanted to slide like mud to the ground. I lifted my left hand and pressed on the light of my digital wristwatch. ",
    "quote_time_case": "Two-twenty-one",
    "quote_last": ". It was midnight when we headed underground, so only a little over two hours had passed. We continued walking down, down the narrow trench, mouths clamped tight.",
    "title": "Hard Boiled Wonderland and the End of the World",
    "author": "Haruki Murakami",
    "sfw": "yes"
  }
]