[
  {
    "time": "02:20",
    "quote_first": "She turned abruptly to the nurse and asked the time. &lsquo;",
    "quote_time_case": "Two-twenty",
    "quote_last": "&rsquo; &lsquo;Ah&hellip;Two-twenty!&rsquo; Genevieve repeated, as though there was something urgent to be done.",
    "title": "Southern Mail",
    "author": "Antoine de Saint Exupery",
    "sfw": "yes"
  },
  {
    "time": "02:20",
    "quote_first": "The night of his third walk Lew slept in his own apartment. When his eyes opened at ",
    "quote_time_case": "two twenty",
    "quote_last": ", by the green hands of his alarm, he knew that this time he&rsquo;d actually been waiting for it in his sleep.",
    "title": "The Night People",
    "author": "Jack Finney",
    "sfw": "yes"
  }
]