[
  {
    "time": "02:35",
    "quote_first": "Rorschach’s journal: Left Jacob’s house ",
    "quote_time_case": "2:35 a.m.",
    "quote_last": " He knows nothing about any attempt to discredit Dr. Manhattan. He has simply been used.",
    "title": "Watchmen",
    "author": "Alan Moore and Dave Gibbons",
    "sfw": "yes"
  },
  {
    "time": "02:35",
    "quote_first": "For what happened at ",
    "quote_time_case": "2.35",
    "quote_last": " we have the testimony of the priest, a young, intelligent, and well-educated person; of Patrolman William J. Monohan of the Central Station, an officer of the highest reliability who had paused at that part of his beat to inspect the crowd.",
    "title": "The Haunter of the Dark",
    "author": "HP Lovecraft",
    "sfw": "yes"
  }
]