[
  {
    "time": "02:30",
    "quote_first": "“Oh, Daddy,” I said. Blubbering now. “He’s not dead. At least he wasn’t at ",
    "quote_time_case": "two-thirty",
    "quote_last": " this morning. We’ve got to dig him up. We have to, because we buried him alive.”",
    "title": "If it Bleeds",
    "author": "Stephen King",
    "sfw": "yes"
  },
  {
    "time": "02:30",
    "quote_first": "She looked at her watch: ",
    "quote_time_case": "half past two",
    "quote_last": ". A few minutes to calm down before she had to go.",
    "title": "The Locked Room",
    "author": "Maj Sjöwall & Per Wahlöö",
    "sfw": "yes"
  },
  {
    "time": "02:30",
    "quote_first": "&ldquo;Get into the mood, Shirl!&rdquo; Lew said. &ldquo;The party&rsquo;s already started! Yippee! You dressed for a party, Harry?&rdquo; &ldquo;Yep. Something told me to put on dinner clothes when I went to bed tonight.&rdquo; &ldquo;I&rsquo;m in mufti myself: white gloves and matching tennis shoes. But I&rsquo;m sorry to report that Jo is still in her Dr. Dentons. What&rsquo;re you wearing, Shirl?&rdquo; &ldquo;My old drum majorette&rsquo;s outfit. The one I wore to the State Finals. Listen, we can&rsquo;t tie up the phones like this.&rdquo; &ldquo;Why not?&rdquo; said Harry. &ldquo;Who&rsquo;s going to call at ",
    "quote_time_case": "2:30 a.m.",
    "quote_last": " with a better idea? Yippee, to quote Lew, we&rsquo;re having a party! What&rsquo;re we serving, Lew?&rdquo; &ldquo;Beer, I guess. Haven&rsquo;t got any wine, have we, Jo?&rdquo; &ldquo;Just for cooking.&rdquo;",
    "title": "The Night People",
    "author": "Jack Finney",
    "sfw": "yes"
  },
  {
    "time": "02:30",
    "quote_first": "At about ",
    "quote_time_case": "half past two",
    "quote_last": " she had been woken by the creak of footsteps out on the stairs. At first she had been frightened.",
    "title": "The Little Stranger",
    "author": "Sarah Waters",
    "sfw": "yes"
  },
  {
    "time": "02:30",
    "quote_first": "Inc, I tried to pull her off about ",
    "quote_time_case": "0230",
    "quote_last": ", and there was this fucking… sound.",
    "title": "Infinite Jest",
    "author": "David Foster Wallace",
    "sfw": "no"
  },
  {
    "time": "02:30",
    "quote_first": "It is ",
    "quote_time_case": "2.30am",
    "quote_last": " and I am tight. As a tick, as a lord, as a newt. Must write this down before the sublime memories fade and blur.",
    "title": "Any Human Heart",
    "author": "William Boyd",
    "sfw": "yes"
  }
]