[
  {
    "time": "02:36",
    "quote_first": "“Drive safe,” says Ned. He texted me to send the van. That was at ",
    "quote_time_case": "2:36",
    "quote_last": ", I know because I looked at the clock, the art deco one right over there, see? Keeps perfect time. Then, I dunno, he just vanished.",
    "title": "Stone Mattress",
    "author": "Margaret Atwood",
    "sfw": "yes"
  },
  {
    "time": "02:36",
    "quote_first": "It was about ",
    "quote_time_case": "2.36am",
    "quote_last": " when a provost colonel arrived to arrest me. At 2.36 &frac12; I remembered the big insulating gauntlets. But even had I remembered before, what could I have done?",
    "title": "The Ipcress File",
    "author": "Len Deighton",
    "sfw": "yes"
  }
]