[
  {
    "time": "02:37",
    "quote_first": "He was out at least a couple miles from the nearest gas station, and he'd thrown his cell phone out the window in Arkansas after briefly becoming convinced the NSA was tracking him. He plucked the kitchen timer from his pocket: ",
    "quote_time_case": "02:37",
    "quote_last": ":47. He would have to hoof it.",
    "title": "Ohio",
    "author": "Stephen Markley",
    "sfw": "yes"
  },
  {
    "time": "02:37",
    "quote_first": "June 13, 1990. ",
    "quote_time_case": "Thirty-seven minutes past two",
    "quote_last": " in the morning. And sixteen seconds.",
    "title": "The Stand",
    "author": "Stephen King",
    "sfw": "yes"
  }
]