[
  {
    "time": "02:46",
    "quote_first": "WE NEVER KNOW, AT FIRST, if we are headed into a cooker or a smudge. At ",
    "quote_time_case": "2:46 A.M.",
    "quote_last": " last night, the lights went on upstairs. The bells went off, too, but I can’t say that I ever really hear them. In ten seconds, I was dressed and walking out the door of my room at the station.",
    "title": "My Sister’s Keeper",
    "author": "Jodi Picoult",
    "sfw": "yes"
  },
  {
    "time": "02:46",
    "quote_first": "",
    "quote_time_case": "2.46am.",
    "quote_last": " The chain drive whirred and the paper target slid down the darkened range, ducking in and out of shafts of yellow incandescent light. At the firing station, a figure waited in the shadows. As the target passed the twenty-five-foot mark, the man opened fire: eight shots-rapid, unhesitating.",
    "title": "Patriots",
    "author": "Steve Sohmer",
    "sfw": "yes"
  },
  {
    "time": "02:46",
    "quote_first": "Vicki shoved her glasses at her face and peered at the clock. ",
    "quote_time_case": "Two forty-six",
    "quote_last": ". &lsquo;I don&rsquo;t have time for this&rsquo; she muttered, sttling back against the pillows, heart still slamming against her ribs.",
    "title": "Blood Lines",
    "author": "Tanya Huff",
    "sfw": "yes"
  }
]