[
  {
    "time": "02:45",
    "quote_first": "He glanced down at his watch. He had been smiling as he stroked her awake, and was smiling now. ''",
    "quote_time_case": "Quarter to three",
    "quote_last": ". I sat in my stupid old motel room for almost two hours after we talked, trying to convince myself that what I was thinking couldn't be true. Only I didn't get where I am by dodging the truth.''",
    "title": "Full Dark, No Stars",
    "author": "Stephen King",
    "sfw": "yes"
  },
  {
    "time": "02:45",
    "quote_first": "",
    "quote_time_case": "0245h",
    "quote_last": "., Ennet House, the hours that are truly wee.",
    "title": "Infinite Jest",
    "author": "David Foster Wallace",
    "sfw": "yes"
  }
]