[
  {
    "time": "02:55",
    "quote_first": "&ldquo;It&rsquo;s the way the world will end, Harry. Recorded cocktail music nuclear-powered to play on for centuries after all life has been destroyed. Selections from &lsquo;No, No, Nanette,&rsquo; throughout eternity. That do you for ",
    "quote_time_case": "2:55 a.m.",
    "quote_last": "?&quot;",
    "title": "The Night People",
    "author": "Jack Finney",
    "sfw": "yes"
  },
  {
    "time": "02:55",
    "quote_first": "Time to go: ",
    "quote_time_case": "2.55am.",
    "quote_last": " Two-handed, Cec lifted his peak cap from the chair.",
    "title": "Downriver",
    "author": "Iain Sinclair",
    "sfw": "yes"
  }
]