[
  {
    "time": "02:59",
    "quote_first": "I wish it left sooner,&ldquo; Sophie said,&rdquo; but Lyon will have to do.&ldquo; Sooner? Langdon checked his watch ",
    "quote_time_case": "2:59 A. M.",
    "quote_last": " The train left in seven minutes and they didn’t even have tickets yet.",
    "title": "The DaVinci Code",
    "author": "Dan Brown",
    "sfw": "yes"
  },
  {
    "time": "02:59",
    "quote_first": "I remembered arriving in this room at ",
    "quote_time_case": "2.59",
    "quote_last": " one night. I remembered the sergeant who called me names: mostly Anglo-Saxon monosyllabic four-letter ones with an odd &ldquo;Commie&rdquo; thrown in for syntax.",
    "title": "The Ipcress File",
    "author": "Len Deighton",
    "sfw": "yes"
  }
]