[
  {
    "time": "02:58",
    "quote_first": "But generally it’s the other way, the slow way. She’ll turn that dial to a dead stop and freeze the sun there on the screen so it don’t move a scant hair for weeks, so not a leaf on a tree or a blade of grass in the pasture shimmers. The clock hands hang at ",
    "quote_time_case": "two minutes to three",
    "quote_last": " and she’s liable to let them hang there till we rust.",
    "title": "One Flew Over the Cuckoo’s Nest",
    "author": "Ken Kesey",
    "sfw": "yes"
  }
]