[
  {
    "time": "03:05",
    "quote_first": "On the Sunday before Christmas she awoke at ",
    "quote_time_case": "3:05 a.m.",
    "quote_last": " and though: Thirty-six hours. Four hours later she got up thinking: Thirty-two hours. Late in the day she took Alfred to the street-association Christmas party at Dale and Honey Driblett’s, sat him down safely with Kirby Root, and proceeded to remind all her neighbors that her favorite grandson, who’d been looking forward all year to a Christmas in St. Jude, was arriving tomorrow afternoon.",
    "title": "The Corrections",
    "author": "Jonathan Franzen",
    "sfw": "yes"
  }
]