[
  {
    "time": "03:17",
    "quote_first": "Timestamp says ",
    "quote_time_case": "3:17 a.m.",
    "quote_last": " A large block of text. Not a good sign of things to come.",
    "title": "Bath Haus",
    "author": "P.J. Vernon",
    "sfw": "yes"
  },
  {
    "time": "03:17",
    "quote_first": "It was ",
    "quote_time_case": "seventeen minutes past three in the morning",
    "quote_last": ". Mila, in a trenchcoat and boots, sat down on the edge of the bed. Malik Solanka groaned. Disaster always arrived when your defences were at their lowest: blindsiding you, like love.",
    "title": "Fury",
    "author": "Salman Rushdie",
    "sfw": "yes"
  },
  {
    "time": "03:17",
    "quote_first": "The two of us sat there, listening—Boris more intently than me. “Who’s that with him then?” I said. “Some whore.” He listened for a moment, brow furrowed, his profile sharp in the moonlight, and then lay back down. “Two of them.” I rolled over, and checked my iPod. It was ",
    "quote_time_case": "3:17",
    "quote_last": " in the morning.",
    "title": "The Goldfinch",
    "author": "Donna Tartt",
    "sfw": "yes"
  },
  {
    "time": "03:17",
    "quote_first": "He turned to the monitors again and flicked through the screens, each one able to display eight different camera mountings, giving Kurt 192 different still lives of Green Oaks at ",
    "quote_time_case": "3.17 a.m.",
    "quote_last": " this March night.",
    "title": "What Was Lost",
    "author": "Catherine O'Flynn",
    "sfw": "yes"
  }
]