[
  {
    "time": "03:15",
    "quote_first": "The boss had had something rather more spectacular than a bowel movement; at ",
    "quote_time_case": "three-fifteen",
    "quote_last": " that day he had done something in his pants that was the equivalent of a shit A-bomb.",
    "title": "The Tommyknockers",
    "author": "Stephen King",
    "sfw": "yes"
  },
  {
    "time": "03:15",
    "quote_first": "One night in August, with the good picking done and Old Pie’s crew paid up and back on the rez, I woke to the sound of a cow lowing. 𝘐 𝘰𝘷𝘦𝘳𝘴𝘭𝘦𝘱𝘵 𝘮𝘪𝘭𝘬𝘪𝘯𝘨 𝘵𝘪𝘮𝘦, I thought, but when I fumbled my father’s pocket watch off the table beside my bed and peered at it, I saw it was ",
    "quote_time_case": "quarter past three in the morning",
    "quote_last": ".",
    "title": "Full Dark, No Stars",
    "author": "Stephen King",
    "sfw": "yes"
  },
  {
    "time": "03:15",
    "quote_first": "Above the door of Room 69 the clock ticked on at ",
    "quote_time_case": "3:15",
    "quote_last": ". The motion was accelerating. What had once been the gymnasium was now a small room, seven feet wide, a tight, almost perfect cube.",
    "title": "Manhole 69",
    "author": "JG Ballard",
    "sfw": "yes"
  }
]