[
  {
    "time": "03:30",
    "quote_first": "He was too deeply asleep to hear the noise of his door handle being tried. What woke him was the tapping. It was soft at first, more like a scratching of fingernails on wood, and when he opened his eyes he assumed it was one of the children trying to clamber into their bed after a nightmare. But then he saw the unfamiliar room and he remembered where he was. He squinted at the luminous hands on the hotel’s alarm clock. ",
    "quote_time_case": "Half-past three",
    "quote_last": ".",
    "title": "Munich",
    "author": "Robert Harris",
    "sfw": "yes"
  },
  {
    "time": "03:30",
    "quote_first": "At ",
    "quote_time_case": "Half past Three",
    "quote_last": ", a single Bird Unto a silent Sky Propounded but a single term Of cautious melody.",
    "title": "At Half past Three, a single Bird",
    "author": "Emily Dickinson",
    "sfw": "yes"
  },
  {
    "time": "03:30",
    "quote_first": "At ",
    "quote_time_case": "half-past three A.M.",
    "quote_last": " he lost one illusion: officers sent to reconnoitre informed him that the enemy was making no movement.",
    "title": "Les Miserables",
    "author": "Victor Hugo",
    "sfw": "yes"
  },
  {
    "time": "03:30",
    "quote_first": "It&rsquo;s ",
    "quote_time_case": "3:30 A.M.",
    "quote_last": " in Mrs. Ralph&rsquo;s finally quiet house when Garp decides to clean the kitchen, to kill the time until dawn. Familiar with a housewife&rsquo;s tasks, Garp fills the sink and starts to wash the dishes.",
    "title": "The World According to Garp",
    "author": "John Irving",
    "sfw": "yes"
  },
  {
    "time": "03:30",
    "quote_first": "Let&rsquo;s go to sleep, I say. &ldquo;Look at what time it is.&rdquo; The clock radio is right there beside the bed. Anyone can see it says ",
    "quote_time_case": "three-thirty",
    "quote_last": ".",
    "title": "Whoever Was Using This Bed",
    "author": "Raymond Carver",
    "sfw": "yes"
  },
  {
    "time": "03:30",
    "quote_first": "Now, look. I am not going to call Dr. McGrath at ",
    "quote_time_case": "three thirty",
    "quote_last": " in the morning to ask if it&rsquo;s all right for my son to eat worms. That&rsquo;s flat.",
    "title": "How to Eat Fried Worms",
    "author": "Thomas Rockwell",
    "sfw": "yes"
  }
]