[
  {
    "time": "03:45",
    "quote_first": "Abra did not quiet. The crying was monotonous, maddening, terrifying. When they arrived at Bridgton Hospital, it was ",
    "quote_time_case": "quarter of four",
    "quote_last": ", and Abra was still at full volume. Rides in the Acura were usually better than a sleeping pill, but not this morning.",
    "title": "Doctor Sleep",
    "author": "Stephen King",
    "sfw": "yes"
  },
  {
    "time": "03:45",
    "quote_first": "LORD CAVERSHAM: Well, sir! what are you doing here? Wasting your life as usual! You should be in bed, sir. You keep too late hours! I heard of you the other night at Lady Rufford&rsquo;s dancing till four o' clock in the morning! LORD GORING: Only a ",
    "quote_time_case": "quarter to four",
    "quote_last": ", father.",
    "title": "An Ideal Husband",
    "author": "Oscar Wilde",
    "sfw": "yes"
  }
]