[
  {
    "time": "03:47",
    "quote_first": "I stayed awake until ",
    "quote_time_case": "3:47",
    "quote_last": ". That was the last time I looked at my watch before I fell asleep. It has a luminous face and lights up if you press a button so I could read it in the dark. I was cold and I was frightened Father might come out and find me. But I felt safer in the garden because I was hidden.",
    "title": "The Curious Incident Of The Dog In The Night-Time",
    "author": "Mark Haddon",
    "sfw": "yes"
  }
]