[
  {
    "time": "03:44",
    "quote_first": "“When I opened my eyes, an oyster-colored dawn was peeping in at the windows. The hands of my brass alarm clock stood at ",
    "quote_time_case": "3:44",
    "quote_last": ".”",
    "title": "The Sweetness at the Bottom of the Pie",
    "author": "Alan Bradley",
    "sfw": "yes"
  },
  {
    "time": "03:44",
    "quote_first": "It was dark. After she had switched the light on and been to the toilet, she checked her watch: ",
    "quote_time_case": "3.44 a.m.",
    "quote_last": " She undressed, put the cat out the door and returned to the twin bed.",
    "title": "Liver: Leberknödel",
    "author": "Will Self",
    "sfw": "yes"
  }
]