[
  {
    "time": "03:42",
    "quote_first": "Let’s see what those search warrants yield. So far Pelley has admitted he was at the bonfire. The lab says his boot imprints are a match to the marks on Leena’s body. Pelley cannot account for the time between when he was last seen leaving the bonfire with his arm around Leena and when he arrived home at ",
    "quote_time_case": "3:42 a.m.",
    "quote_last": " in a severely inebriated state, according to his wife, Lacey.",
    "title": "Beneath Devil’s Bridge",
    "author": "Loreth Anne White",
    "sfw": "yes"
  },
  {
    "time": "03:42",
    "quote_first": "&ldquo;We are due in Yellow Sky at ",
    "quote_time_case": "3:42",
    "quote_last": ",&rdquo; he said, looking tenderly into her eyes. &ldquo;&quot;Oh, are we?&rdquo;&ldquo; she said, as if she had not been aware of it. To evince surprise at her husband&rsquo;s statement was part of her wifely amiability.",
    "title": "Bride Comes to Yellow Sky",
    "author": "Stephen Crane",
    "sfw": "yes"
  }
]