[
  {
    "time": "03:58",
    "quote_first": "The ancient house was deserted, the crumbling garage padlocked, and one was just able to discern - by peering through a crack in the bubbling sun on the window - the face of a clock on the opposite wall. The clock had stopped at ",
    "quote_time_case": "two minutes to four",
    "quote_last": " early in the morning, or who could tell, it may have been earlier still, yesterday in the afternoon, a couple of hours after Kaiser had left Kamaria for Bartica.",
    "title": "Heartland",
    "author": "Wilson Harris",
    "sfw": "yes"
  },
  {
    "time": "03:58",
    "quote_first": "The clock atop the clubhouse reads ",
    "quote_time_case": "3:58",
    "quote_last": ".",
    "title": "Underworld",
    "author": "Don Delillo",
    "sfw": "yes"
  }
]