[
  {
    "time": "03:50",
    "quote_first": "She had used her cell phone to leave several messages on the answering machine in Sao Paulo of the young dentist of the previous evening, whose name was Fernando. The first was recorded at ",
    "quote_time_case": "ten or five to four",
    "quote_last": " in the morning. I&rsquo;m never going to forget you &hellip; I&rsquo;m sure we&rsquo;ll meet again somewhere.",
    "title": "A Death in Brazil: A Book of Omissions",
    "author": "Peter Robb",
    "sfw": "yes"
  }
]