[
  {
    "time": "03:51",
    "quote_first": "I lacked the will and physical strength to get out of bed and move through the dark house, clutching walls and stair rails. To feel my way, reinhabit my body, re-enter the world. Sweat trickled down my ribs. The digital reading on the clock-radio was ",
    "quote_time_case": "3:51",
    "quote_last": ". Always odd numbered at times like this. What does it mean? Is death odd-numbered?",
    "title": "White Noise",
    "author": "Don DeLillo",
    "sfw": "yes"
  },
  {
    "time": "03:51",
    "quote_first": "The digital reading on the clock-radio was ",
    "quote_time_case": "3:51",
    "quote_last": ". Always odd numbers at times like this. What does it mean? Is death odd-numbered?",
    "title": "White Noise",
    "author": "Don DeLillo",
    "sfw": "yes"
  }
]