[
  {
    "time": "03:57",
    "quote_first": "Certain facts were apparent: dark; cold; thundering boots; quilts; pillow; light under the door – the materials of reality - but I could not pin these materials down in time. And the raw materials of reality without that glue of time are materials adrift and reality is as meaningless as the balsa parts of a model airplane scattered to the wind&hellip;I am in my old room, yes, in the dark, certainly, and it is cold, obviously, but what time is it? &ldquo;",
    "quote_time_case": "Nearly four",
    "quote_last": ", son.&rdquo; But I mean what time?",
    "title": "Sometimes a Great Notion",
    "author": "Ken Kesey",
    "sfw": "yes"
  }
]