[
  {
    "time": "04:03",
    "quote_first": "It’s ",
    "quote_time_case": "4:03 a.m.",
    "quote_last": " on a supremely cold January morning and I’m just getting home. I’ve been out dancing and I’m only half drunk but utterly exhausted.",
    "title": "The Time Traveler’s Wife",
    "author": "Audrey Niffenegger",
    "sfw": "yes"
  },
  {
    "time": "04:03",
    "quote_first": "It&rsquo;s ",
    "quote_time_case": "4:03 a.m.",
    "quote_last": " on a supremely cold January morning and I&rsquo;m just getting home. I&rsquo;ve been out dancing and I&rsquo;m only half drunk but utterly exhausted.",
    "title": "The Time Traveler's Wife",
    "author": "Audrey Niffenegger",
    "sfw": "yes"
  }
]