[
  {
    "time": "04:18",
    "quote_first": "I grabbed the alarm clock, threw it on my lap, and slapped the red and black buttons with both hands. The ringing didn&rsquo;t stop. The telephone! The clock read ",
    "quote_time_case": "four-eighteen",
    "quote_last": ". It was dark outside. Four-eighteen a.m. I got out of bed and picked up the receiver. &ldquo;Hello?&rdquo;",
    "title": "Hard Boiled Wonderland and the End of the World",
    "author": "Haruki Murakami",
    "sfw": "yes"
  }
]