[
  {
    "time": "04:12",
    "quote_first": "Finally, she signalled with her light that she&rsquo;d made it to the top. I signalled back, then shined the light downward to see how far the water had risen. I couldn&rsquo;t make out a thing. My watch read ",
    "quote_time_case": "four-twelve",
    "quote_last": " in the morning. Not yet dawn. The morning papers still not delivered, trains not yet running, citizens of the surface world fast asleep, oblivious to all this. I pulled the rope taut with both hands, took a deep breath, then slowly began my climb.",
    "title": "Hard Boiled Wonderland and the End of the World",
    "author": "Haruki Murakami",
    "sfw": "yes"
  },
  {
    "time": "04:12",
    "quote_first": "Karen felt the bed move beneath Harry&rsquo;s weight. Lying on her side she opened her eyes to see digital numbers in the dark, ",
    "quote_time_case": "4:12",
    "quote_last": " in pale green. Behind her Harry continued to move, settling in. She watched the numbers change to 4:13.",
    "title": "Get Shorty",
    "author": "Elmore Leonard",
    "sfw": "yes"
  }
]