[
  {
    "time": "04:17",
    "quote_first": "I succumbed to my curiosity, tugged up the left sleeve of my pullover, and checked my wristwatch. It was ",
    "quote_time_case": "4:17 a.m.",
    "quote_last": " This surprised me not because it was almost dawn, but because I’d had no idea of the time whatsoever.",
    "title": "The Catacombs",
    "author": "Jeremy Bates",
    "sfw": "yes"
  },
  {
    "time": "04:17",
    "quote_first": "He awoke at ",
    "quote_time_case": "4.17am",
    "quote_last": " in a sweat. He had been dreaming of Africa again, and then the dream had continued in the U.S. when he was a young man. But Inbata had been there, watching him.",
    "title": "The Vile",
    "author": "Douglas Phinney",
    "sfw": "yes"
  }
]