[
  {
    "time": "04:16",
    "quote_first": "I stooped to pick up my watch from the floor. ",
    "quote_time_case": "Four-sixteen",
    "quote_last": ". Another hour until dawn. I went to the telephone and dialled my own number. It&rsquo;d been a long time since I&rsquo;d called home, so I had to struggle to remember the number. I let it ring fifteen times; no answer. I hung up, dialled again, and let it ring another fifteen times. Nobody.",
    "title": "Hard Boiled Wonderland and the End of the World",
    "author": "Haruki Murakami",
    "sfw": "yes"
  },
  {
    "time": "04:16",
    "quote_first": "They pulled into the visitor&rsquo;s carpark at ",
    "quote_time_case": "four sixteen",
    "quote_last": " am. He knew it was four sixteen because the entrance to the maternity unit sported a digital clock beneath the signage.",
    "title": "Freaks in the City: Book Two of the Freaks Series",
    "author": "Maree Anderson",
    "sfw": "yes"
  }
]