[
  {
    "time": "04:23",
    "quote_first": "",
    "quote_time_case": "4:23",
    "quote_last": ", Monday morning, Iceland Square. A number of people in the vicinity of Bjornsongatan are awakened by loud screams.",
    "title": "Let The Right One In",
    "author": "John Ajvide Lindqvist",
    "sfw": "yes"
  },
  {
    "time": "04:23",
    "quote_first": "Her chip pulsed the time. ",
    "quote_time_case": "04:23",
    "quote_last": ":04. It had been a long day.",
    "title": "Neuromancer",
    "author": "William Gibson",
    "sfw": "yes"
  }
]