[
  {
    "time": "04:30",
    "quote_first": "He cannot leave. <br>Most likely, he’ll never leave. <br>Bram finds his way back to the chair and settles in. <br>Outside, a bird cries out as the moon comes and goes behind thick clouds. He retrieves the pocket watch from his coat and curses. He forgot to wind it, and the hands ceased their journey at ",
    "quote_time_case": "4:30",
    "quote_last": ". He stuffs it back into his pocket.",
    "title": "Dracul",
    "author": "Dacre Stoker & J.D. Barker",
    "sfw": "yes"
  },
  {
    "time": "04:30",
    "quote_first": "What has happened to me? Why am I so alone in the world? ",
    "quote_time_case": "4:30 A.M.",
    "quote_last": "—The solution came to me, just as I was dozing off. Illuminated! Everything fits together, and I see what I should have known from the beginning. No more sleep. I’ve got to get back to the lab and test this against the results from the computer. This, finally, is the flaw in the experiment. I’ve found it.",
    "title": "Flowers for Algernon",
    "author": "Daniel Keyes",
    "sfw": "yes"
  },
  {
    "time": "04:30",
    "quote_first": "Algernon died two days ago. I found him at ",
    "quote_time_case": "four thirty in the morning",
    "quote_last": " when I came back to the lab after wandering around down at the waterfront—on his side, stretched out in the corner of his cage. As if he were running in his sleep.",
    "title": "Flowers for Algernon",
    "author": "Daniel Keyes",
    "sfw": "yes"
  },
  {
    "time": "04:30",
    "quote_first": "Jonas rolls painfully out of the hammock, his aching lower back stiff and swollen, in desperate need of a chiropractor. He checks his watch. ",
    "quote_time_case": "Four thirty",
    "quote_last": "…but is it a.m. or p.m.?",
    "title": "Meg, Primal Waters",
    "author": "Steve Alten",
    "sfw": "yes"
  },
  {
    "time": "04:30",
    "quote_first": "𝘛𝘩𝘦𝘯 𝘸𝘩𝘺 𝘯𝘰𝘵 𝘥𝘦𝘴𝘤𝘳𝘪𝘣𝘦 𝘵𝘩𝘪𝘴 “𝘤𝘺𝘤𝘭𝘦”?<br>If you wish. A server is woken at hour ",
    "quote_time_case": "four-thirty",
    "quote_last": " by stimulin in the airflow, then yellow-up in our dormroom. After a minute in the hygiener and steamer, we put on fresh uniforms before filing into the restaurant.",
    "title": "Cloud Atlas",
    "author": "David Mitchell",
    "sfw": "yes"
  },
  {
    "time": "04:30",
    "quote_first": "“What time is it? Do you have time here?” “Of course we do.” She pulled up her sleeve, revealing a yellow Timex wristwatch. “It is ",
    "quote_time_case": "four thirty in the morning",
    "quote_last": ".” “That’s a nice watch.” “My father gave it to me,” she said happily.",
    "title": "The Catacombs",
    "author": "Jeremy Bates",
    "sfw": "yes"
  },
  {
    "time": "04:30",
    "quote_first": "At the end of a relationship, it is the one who is not in love who makes the tender speeches. I was overwhelmed by a sense of betrayal, betrayal because a union in which I had invested so much had been declared bankrupt without my feeling it to be so. Chloe had not given it a chance, I argued with myself, knowing the hopelessness of these inner courts announcing hollow verdicts at ",
    "quote_time_case": "four thirty",
    "quote_last": " in the morning.",
    "title": "Essays on Love",
    "author": "Alain de Botton",
    "sfw": "yes"
  },
  {
    "time": "04:30",
    "quote_first": "Hester Thrale undulates in in a false fox jacket at 2330 as usual even though she has to be up at like ",
    "quote_time_case": "0430",
    "quote_last": " for the breakfast shift at the Provident Nursing Home and sometimes eats breakfast with Gately, both their faces nodding perilously close to their Frosted Flakes.",
    "title": "Infinite Jest",
    "author": "David Foster Wallace",
    "sfw": "yes"
  },
  {
    "time": "04:30",
    "quote_first": "Tonight Clenette H. and the deeply whacked out Yolanda W. come back in from Footprints around 2315 in purple skirts and purple lipstick and ironed hair, tottering on heels and telling each other what a wicked time they just had. Hester Thrale undulates in in a false fox jacket at 2330 as usual even though she has to be up at like ",
    "quote_time_case": "0430",
    "quote_last": " for the breakfast shift at the Provident Nursing Home and sometimes eats breakfast with Gately, both their faces nodding perilously close to their Frosted Flakes.",
    "title": "Infinite Jest",
    "author": "David Foster Wallace",
    "sfw": "yes"
  }
]