[
  {
    "time": "04:37",
    "quote_first": "Her bedroom was hardly any bigger than her king-size mattress, which she’d told me she’d inherited from her parents when her mother got sick “and so they got two doubles because my dad couldn’t sleep at night with all her fidgeting.” Green numbers on a digital alarm clock glowed between cans of Diet 7UP on the bedside table. It was ",
    "quote_time_case": "4:37",
    "quote_last": ". I smelled peanut butter and again, the bitter tang of vomit. The comforter was Laura Ashley, folded back from the bed. Food stains on the sheets.",
    "title": "My Year of Rest and Relaxation",
    "author": "Ottessa Moshfegh",
    "sfw": "yes"
  }
]