[
  {
    "time": "04:45",
    "quote_first": "He lies still in the darkness and listens. His wife&rsquo;s breathing at his side is so faint that he can scarcely hear it. One of these mornings she&rsquo;ll be lying dead beside me and I won&rsquo;t even notice, he thinks. Or maybe it&rsquo;ll be me. Daybreak will reveal that one of us has been left alone. He checks the clock on the table next to the bed. The hands glow and register ",
    "quote_time_case": "4:45 a.m.",
    "quote_last": "",
    "title": "Faceless Killers",
    "author": "Henning Mankell",
    "sfw": "yes"
  },
  {
    "time": "04:45",
    "quote_first": "His wife&rsquo;s breathing at his side is so faint that he can scarcely hear it. One of these mornings she&rsquo;ll be lying dead beside me and I won&rsquo;t even notice, he thinks. Or maybe it&rsquo;ll be me. Daybreak will reveal that one of us has been left alone. He checks the clock on the table next to the bed. The hands glow and register ",
    "quote_time_case": "4:45 a.m.",
    "quote_last": "",
    "title": "Faceless Killers",
    "author": "Henning Mankell",
    "sfw": "yes"
  }
]