[
  {
    "time": "04:46",
    "quote_first": "The phone rang again at ",
    "quote_time_case": "four-forty-six",
    "quote_last": ".&ldquo;Hello,&rdquo; I said. &ldquo;Hello,&rdquo; came a woman&rsquo;s voice. &ldquo;Sorry about the time before. There&rsquo;s a disturbance in the sound field. Sometimes the sound goes away.&rdquo; &ldquo;The sound goes away?&rdquo; &ldquo;Yes,&rdquo; she said. &ldquo;The sound field&rsquo;s slipping. Can you hear me?&rdquo; &ldquo;Loud and clear,&rdquo; I said. It was the granddaughter of that kooky old scientist who&rsquo;d given me the unicorn skull. The girl in the pink suit.",
    "title": "Hard Boiled Wonderland and the End of the World",
    "author": "Haruki Murakami",
    "sfw": "yes"
  }
]