[
  {
    "time": "05:07",
    "quote_first": "&ldquo;Oh yes. His clocks were set at one minute past five, four minutes past five and ",
    "quote_time_case": "seven minutes past five",
    "quote_last": ". That was the combination number of a safe, 515457. The safe was concealed behind a reproduction of the Mona Lisa. Inside the safe,&rdquo; continued Poirot, with distaste, &ldquo;were the Crown Jewels of the Russian Royal Family.&quot;",
    "title": "The clocks",
    "author": "Agatha Christie",
    "sfw": "yes"
  }
]