[
  {
    "time": "05:13",
    "quote_first": "Wu said, “You shut down at ",
    "quote_time_case": "five-thirteen",
    "quote_last": " this morning, and when you started back up, you started with auxiliary power.”",
    "title": "Jurassic Park",
    "author": "Michael Crichton",
    "sfw": "yes"
  },
  {
    "time": "05:13",
    "quote_first": "Lying on my side in bed, I stared at my alarm clock until it became a blemish, its red hue glowing like a welcome sign beckoning me into the depths of hell&rsquo;s crimson-colored cavities. ",
    "quote_time_case": "5:13 am.",
    "quote_last": " To describe this Monday as a blue Monday was an understatement.",
    "title": "Uptempo",
    "author": "Nakia D Johnson",
    "sfw": "yes"
  }
]