[
  {
    "time": "05:16",
    "quote_first": "",
    "quote_time_case": "5:16",
    "quote_last": " - Mank on phone to Secretary of State Brown: &lsquo;Mr Brown, we&rsquo;re profoundly disturbed about this situation in the 21st. We can&rsquo;t get a single result out of there.",
    "title": "Fear and Loathing: On the Campaign Trail '72",
    "author": "Hunter S Thompson",
    "sfw": "yes"
  },
  {
    "time": "05:16",
    "quote_first": "She could go back to sleep. But typical and ironic, she is completely awake. It is completely light outside now; you can see for miles. Except there is nothing to see here; trees and fields and that kind of thing. ",
    "quote_time_case": "5:16 a.m",
    "quote_last": " on the substandard clock radio. She is really awake.",
    "title": "The Accidental",
    "author": "Ali Smith",
    "sfw": "yes"
  }
]