[
  {
    "time": "05:10",
    "quote_first": "&ldquo;Oh, my husband, I have done the deed which will relieve you of the wife whom you hate! I have taken the poison&ndash;all of it that was left in the paper packet, which was the first that I found. If this is not enough to kill me, I have more left in the bottle. ",
    "quote_time_case": "Ten minutes past five",
    "quote_last": ". &quot;You have just gone, after giving me my composing draught. My courage failed me at the sight of you. I thought to myself, &lsquo;If he look at me kindly, I will confess what I have done, and let him save my life.&rsquo; You never looked at me at all. You only looked at the medicine. I let you go without saying a word.",
    "title": "The Law and the Lady",
    "author": "Wilkie Collins",
    "sfw": "yes"
  },
  {
    "time": "05:10",
    "quote_first": "I settled into a daily routine. Wake up at 4:40am, shower, get on the train north by ",
    "quote_time_case": "ten after five",
    "quote_last": ".",
    "title": "Bossypants",
    "author": "Tina Fey",
    "sfw": "yes"
  }
]