[
  {
    "time": "05:18",
    "quote_first": "The story is there, and the security photo that runs with it is pretty damning. An hour earlier the light wouldn’t have been good enough to show the doer’s face, but the time stamp on the bottom of the photo is ",
    "quote_time_case": "5:18 AM",
    "quote_last": ". The sun isn’t up but it’s getting there, and the face of the guy standing in the alley is as clear as you’d want, if you were a prosecutor.",
    "title": "Billy Summers",
    "author": "Stephen King",
    "sfw": "yes"
  },
  {
    "time": "05:18",
    "quote_first": "ABOARD TPA 545<br>",
    "quote_time_case": "5:18 A.M.",
    "quote_last": "<br>Emily Jansen sighed in relief. The long flight was nearing an end. Morning sunlight streamed through the windows of the airplane.",
    "title": "Airframe",
    "author": "Michael Crichton",
    "sfw": "yes"
  }
]