[
  {
    "time": "05:23",
    "quote_first": "Tock wagged his tail proudly, but Milo didn’t say a word, and to this day no one knows of the lost week but the few people who happened to be awake at ",
    "quote_time_case": "5:23",
    "quote_last": " on that very strange morning.",
    "title": "The Phantom Tollbooth",
    "author": "Norton Juster",
    "sfw": "yes"
  },
  {
    "time": "05:23",
    "quote_first": "If I could count precisely to sixty between two passing orange minutes on her digital clock, starting at ",
    "quote_time_case": "5.23am",
    "quote_last": " and ending exactly as it melted into 5:24, then when she woke she would love me and not say this had been a terrible mistake.",
    "title": "The Tragedy of Arthur",
    "author": "Arthur Phillips",
    "sfw": "yes"
  }
]