[
  {
    "time": "05:20",
    "quote_first": "If she can keep her speed to seventy until she leaves the turnpike at midtown, and if she catches most of the traffic lights, she estimates she can be at her building by ",
    "quote_time_case": "five-twenty",
    "quote_last": ".",
    "title": "If it Bleeds",
    "author": "Stephen King",
    "sfw": "yes"
  },
  {
    "time": "05:20",
    "quote_first": "He saw on the floor his cigarette reduced to a long thin cylinder of ash: it had smoked itself. It was ",
    "quote_time_case": "five twenty",
    "quote_last": ", dawn was breaking behind the shed of empty barrels, the thermometer pointed to 210 degrees.",
    "title": "The Periodic Table",
    "author": "Primo Levi",
    "sfw": "yes"
  }
]