[
  {
    "time": "05:25",
    "quote_first": "At ",
    "quote_time_case": "5:25 a.m.",
    "quote_last": " the doorbell rings, always an evil omen. I stagger to the intercom and push the button.",
    "title": "The Time Traveler’s Wife",
    "author": "Audrey Niffenegger",
    "sfw": "yes"
  },
  {
    "time": "05:25",
    "quote_first": "George&rsquo;s train home from New Street leaves at ",
    "quote_time_case": "5.25",
    "quote_last": ". On the return journey, there are rarely schoolboys.",
    "title": "Arthur and George",
    "author": "Julian Barnes",
    "sfw": "yes"
  }
]