[
  {
    "time": "05:35",
    "quote_first": "",
    "quote_time_case": "5:35",
    "quote_last": " - All phones ringing now, the swing shift has shot the gap - now the others are waking up.",
    "title": "Fear and Loathing: On the Campaign Trail '72",
    "author": "Hunter S Thompson",
    "sfw": "yes"
  },
  {
    "time": "05:35",
    "quote_first": "I squinted at the clock. &lsquo;It says ",
    "quote_time_case": "twenty-five before six",
    "quote_last": ",&rsquo; I said and rolled away from him.",
    "title": "the dice man",
    "author": "Luke Rhinehart",
    "sfw": "yes"
  }
]