[
  {
    "time": "05:43",
    "quote_first": "It's ",
    "quote_time_case": "5:43",
    "quote_last": ". Time is racing, racing.",
    "title": "If it Bleeds",
    "author": "Stephen King",
    "sfw": "yes"
  },
  {
    "time": "05:43",
    "quote_first": "",
    "quote_time_case": "5.43",
    "quote_last": " - Mank on phone to &lsquo;Mary&rsquo; in Washington; &lsquo;It now appears quite clear that we&rsquo;ll lead the state - without the 21st.'",
    "title": "Fear and Loathing: On the Campaign Trail '72",
    "author": "Hunter S. Thompson",
    "sfw": "yes"
  }
]