[
  {
    "time": "05:57",
    "quote_first": "She smiles a bit but the next breath comes out louder like a moan. At 05.57 I say, “Ma, it’s ",
    "quote_time_case": "nearly six",
    "quote_last": ",” so she gets up to make dinner but she doesn’t eat any.",
    "title": "Room",
    "author": "Emma Donoghue",
    "sfw": "yes"
  },
  {
    "time": "05:57",
    "quote_first": "She smiles a bit but the next breath comes out louder like a moan. At ",
    "quote_time_case": "05.57",
    "quote_last": " I say, “Ma, it’s nearly six,” so she gets up to make dinner but she doesn’t eat any.",
    "title": "Room",
    "author": "Emma Donoghue",
    "sfw": "yes"
  }
]