[
  {
    "time": "05:58",
    "quote_first": "Loud crashes came from the flat below at ",
    "quote_time_case": "5.58",
    "quote_last": " this morning, though she’d been clock-watching long before that.",
    "title": "The Woman Downstairs",
    "author": "Elisabeth Carpenter",
    "sfw": "yes"
  },
  {
    "time": "05:58",
    "quote_first": "Annika Giannini woke with a start. She saw that it was ",
    "quote_time_case": "5.58 a.m.",
    "quote_last": "",
    "title": "The Girl who Kicked the Hornet's Nest",
    "author": "Stieg Larsson",
    "sfw": "yes"
  }
]