[
  {
    "time": "06:00",
    "quote_first": "Sammy was bright awake at ",
    "quote_time_case": "six",
    "quote_last": ", giddy with excitement, Daddy was coming, and no settling him to anything. By late morning he was climbing the walls; I suggested we go for a walk, take a little picnic. He didn’t want to leave in case Daddy came while we were gone.<br>“How ’bout we head up the hill? We can look out for him from there. Like pirates.”<br>And that did the trick.",
    "title": "The Body Lies",
    "author": "Jo Baker",
    "sfw": "yes"
  },
  {
    "time": "06:00",
    "quote_first": "Monday morning. I woke at ",
    "quote_time_case": "six",
    "quote_last": " with my head pillowed on Patrick’s chest, my knee over his thigh. I’d slept all night without surfacing once. I don’t know when I had last slept like that.<br>He got up to make coffee and we drank it in bed.",
    "title": "The Body Lies",
    "author": "Jo Baker",
    "sfw": "yes"
  },
  {
    "time": "06:00",
    "quote_first": "Dan lay awake until ",
    "quote_time_case": "six",
    "quote_last": ". Then he dressed and once more made the trek to the Red Apple. This time he did not hesitate, only instead of extracting two bottles of Bird from the cooler, he took three. What was it they used to say? Good big or go home.",
    "title": "Doctor Sleep",
    "author": "Stephen King",
    "sfw": "yes"
  },
  {
    "time": "06:00",
    "quote_first": "The day after Olga was released from the hospital she commenced making shoes again. At ",
    "quote_time_case": "six in the morning",
    "quote_last": " she is at her bench; she knocks out two pairs of shoes a day. Eugene complains that Olga is a burden, but the truth is that Olga is supporting Eugene and his wife with her two pairs of shoes a day. If Olga doesn’t work there is no food. So everyone endeavors to pull Olga to bed on time, to give her enough food to keep going, etc.",
    "title": "Tropic of Cancer",
    "author": "Henry Miller",
    "sfw": "yes"
  },
  {
    "time": "06:00",
    "quote_first": "Ursula invites me into the wardrobe. “You haven’t aged a day, Timbo, and neither has 𝘵𝘩𝘪𝘴 snaky fellow!” Her furry fawn rubs up against my Narnian-sized lamppost and mothballs &hellip; but then, as ever, I awoke, my swollen appendage as welcome as a swollen appendix, and as useful. ",
    "quote_time_case": "Six o’clock",
    "quote_last": ". The heating systems composed works in the style of John Cage. Chillblains burned my toe knuckles. I thought about Christmases gone, so many more gone than lay ahead.",
    "title": "Cloud Atlas",
    "author": "David Mitchell",
    "sfw": "yes"
  },
  {
    "time": "06:00",
    "quote_first": "Amazingly, the routines of everyday life lurched along as spring dissolved into flamboyant summer. Holly rose every morning at ",
    "quote_time_case": "six",
    "quote_last": ", walked and fed Buster, roused her children, made sure the youngest dressed appropriately for school, fed them, nestled lunch boxes into their backpacks, waited at the corner for the bus, waved them off.",
    "title": "Behind the Lie",
    "author": "Emilya Naymark",
    "sfw": "yes"
  },
  {
    "time": "06:00",
    "quote_first": "When she woke up, the inarguably sane light of ",
    "quote_time_case": "six AM",
    "quote_last": " was streaming through the windows. There were things that needed to be done and decisions that needed to be made, but for the moment it was enough to be alive and in her own bed instead of stuffed into a culvert.",
    "title": "Full Dark, No Stars",
    "author": "Stephen King",
    "sfw": "yes"
  },
  {
    "time": "06:00",
    "quote_first": "She glanced at Bob’s clock after what felt like an hour of going around that wretched worry-circle and saw that only twelve minutes had passed. She got up on one elbow and turned the clock’s face to the window.<br>𝘏𝘦 𝘸𝘰𝘯’𝘵 𝘣𝘦 𝘩𝘰𝘮𝘦 𝘶𝘯𝘵𝘪𝘭 ",
    "quote_time_case": "𝘴𝘪𝘹",
    "quote_last": " 𝘵𝘰𝘮𝘰𝘳𝘳𝘰𝘸 𝘯𝘪𝘨𝘩𝘵, she thought &hellip;",
    "title": "Full Dark, No Stars",
    "author": "Stephen King",
    "sfw": "yes"
  },
  {
    "time": "06:00",
    "quote_first": "“Well, good night, Pooh,” said Piglet, when they had got to Pooh’s house. “And we meet at ",
    "quote_time_case": "six o’clock",
    "quote_last": " tomorrow morning by the Pine Trees, and see how many Heffalumps we’ve got in our Trap.”",
    "title": "Winnie",
    "author": "the",
    "sfw": "yes"
  },
  {
    "time": "06:00",
    "quote_first": "Lars watched from his living room window as the family, who must’ve left Iowa around ",
    "quote_time_case": "6:00 a.m.",
    "quote_last": " to arrive here so early, trudged through the snow toward the lobby of his building.",
    "title": "Kitchens of the Great Midwest",
    "author": "J. Ryan Stradal",
    "sfw": "yes"
  },
  {
    "time": "06:00",
    "quote_first": "On Sunday morning he was woken at ",
    "quote_time_case": "six A.M.",
    "quote_last": " by the telephone. It was Major Heathcote, and he got straight to the point. “What do you know about this mob at the cathedral?”",
    "title": "The Wedding Officer",
    "author": "by Anthony Capella",
    "sfw": "yes"
  },
  {
    "time": "06:00",
    "quote_first": "And ever since that,’ the Hatter went on in a mournful tone, he won’t do a thing I ask! It’s always ",
    "quote_time_case": "six o’clock",
    "quote_last": " now.’",
    "title": "Alice in Wonderland",
    "author": "Lewis Carroll",
    "sfw": "yes"
  },
  {
    "time": "06:00",
    "quote_first": "‘What’s the time?’ I ask, and telling him so that he knows, ‘My mother likes “peace and quiet” to sleep late on Saturday mornings.’ ‘She does, does she? It’s ",
    "quote_time_case": "six o’clock",
    "quote_last": ". I couldn’t sleep,’ he says wearily, like an afterthought, as if it’s what he expects. ‘Why are you up so early?’ ‘I woke up and needed my panda. I can’t find him.’ ‘Where do you think he can be?’ His face changes and he smiles again, bending down to look under the table and behind the curtain. But he isn’t clowning or teasing. He’s in earnest.",
    "title": "The Saints",
    "author": "Patsy Hickman",
    "sfw": "yes"
  },
  {
    "time": "06:00",
    "quote_first": "But every morning, even if there&rsquo;s been a nighttime session and he has only slept two hours, he gets up ",
    "quote_time_case": "at six",
    "quote_last": " and reads his paper while he drinks a strong cup of coffee. In this way Papa constructs himself every day.",
    "title": "The Elegance of the Hedgehog",
    "author": "Muriel Barbery",
    "sfw": "yes"
  },
  {
    "time": "06:00",
    "quote_first": "I had risen half-an-hour before her entrance, and had washed my face, and put on my clothes by the light of a half-moon just setting, whose rays streamed through the narrow window near my crib. I was to leave Gateshead that day by a coach which passed the lodge gates ",
    "quote_time_case": "at six a.m.",
    "quote_last": "",
    "title": "Jane Eyre",
    "author": "Charlotte Brontë",
    "sfw": "yes"
  },
  {
    "time": "06:00",
    "quote_first": "Lying awake in my attic room, i hear a clock strike ",
    "quote_time_case": "six",
    "quote_last": " downstairs. It was fairly light and people were beginning to walk up and down the stairs&hellip;- i heard the clock strike eight downstairs before i rose and got dressed&hellip; I looked up - the clock tower of our saviour&rsquo;s showed ten.",
    "title": "Hunger",
    "author": "Knut Hamsun",
    "sfw": "yes"
  },
  {
    "time": "06:00",
    "quote_first": "On the 15th of September 1840, about ",
    "quote_time_case": "six o'clock",
    "quote_last": " in the morning, the Ville-de-Montereau, ready to depart, pouring out great whirls of smoke by the quai Saint-Bernard.",
    "title": "L'Education sentimentale",
    "author": "Gustave Flaubert",
    "sfw": "yes"
  },
  {
    "time": "06:00",
    "quote_first": "Rise from bed &hellip;&hellip;&hellip;&hellip;&hellip; . ",
    "quote_time_case": "6.00 A.M.",
    "quote_last": "",
    "title": "The Great Gatsby",
    "author": "F. Scott Fitzgerald",
    "sfw": "yes"
  },
  {
    "time": "06:00",
    "quote_first": "The ball went on for a long time, until ",
    "quote_time_case": "six",
    "quote_last": " in the morning; all were exhausted and wishing they had been in bed for at least three hours; but to leave early was like proclaiming the party a failure and offending the host and hostess who had taken such a lot of trouble, poor dears.",
    "title": "The Leopard",
    "author": "Giuseppe Tomasi di Lampedusa",
    "sfw": "yes"
  }
]