[
  {
    "time": "06:25",
    "quote_first": "Simon is happy to travel scum class when he&rsquo;s on his own and even sometimes deliberately aims for the ",
    "quote_time_case": "6.25",
    "quote_last": ". But today the .25 is delayed to 6.44.",
    "title": "The Deaths",
    "author": "Mark Lawson",
    "sfw": "yes"
  },
  {
    "time": "06:25",
    "quote_first": "Still, it&rsquo;s your consciousness that&rsquo;s created it. Not somethin' just anyone could do. Others could be wanderin' around forever in who-knows-what contradictory chaos of a world. You&rsquo;re different. You seem t'be the immortal type.&ldquo; &quot;When&rsquo;s the turnover into that world going to take place?&rdquo; asked the chubby girl. The Professor looked at his watch. I looked at my watch. ",
    "quote_time_case": "Six-twenty-five",
    "quote_last": ". Well past daybreak. Morning papers delivered. &ldquo;According t'my estimates, in another twenty-nine hours and thirty-five minutes,&rdquo; said the Professor. &ldquo;Plus or minus forty-five minutes. I set it at twelve noon for easy reference. Noon tomorrow.",
    "title": "Hard Boiled Wonderland and the End of the World",
    "author": "Haruki Murakami",
    "sfw": "yes"
  }
]