[
  {
    "time": "06:27",
    "quote_first": "",
    "quote_time_case": "06:27",
    "quote_last": ":52 by the chip in her optic nerve; Case had been following her progress through Villa Straylight for over an hour, letting the endorphin analogue she&rsquo;d taken blot out his hangover.",
    "title": "Neuromancer",
    "author": "William Gibson",
    "sfw": "yes"
  },
  {
    "time": "06:27",
    "quote_first": "Early in the morning, late in the century, Cricklewood Broadway. At ",
    "quote_time_case": "0627 hours",
    "quote_last": " on January 1, 1975, Alfred Archibald Jones was dressed in corduroy and sat in a fume-filled Cavalier Musketeer Estate, facedown on the steering wheel, hoping the judgment would not be too heavy upon him.",
    "title": "White Teeth",
    "author": "Zadie Smith",
    "sfw": "yes"
  }
]