[
  {
    "time": "06:32",
    "quote_first": "BURBANK AIRPORT<br>",
    "quote_time_case": "6:32 A.M.",
    "quote_last": "<br>Rush hour traffic crept forward in the pale morning light. Casey twisted her rearview mirror, and leaned over to check her makeup.",
    "title": "Airframe",
    "author": "Michael Crichton",
    "sfw": "yes"
  },
  {
    "time": "06:32",
    "quote_first": "The familiar radium numerals on my left wrist confirmed the clock tower. It was ",
    "quote_time_case": "twenty-eight minutes to seven",
    "quote_last": ". I seemed to be filling a set of loud maroon pajamas which were certainly not mine. My vis-a-vis was wearing a little number in yellow.",
    "title": "Too Like the Lightning",
    "author": "Dana Chambers",
    "sfw": "yes"
  }
]