[
  {
    "time": "06:45",
    "quote_first": "",
    "quote_time_case": "Six-forty-five",
    "quote_last": " the shavers buzz and the Acutes line up in alphabetical order at the mirrors, A, B, C, D&hellip; . The walking Chronics like me walk in when the Acutes are done, then the Wheelers are wheeled in.",
    "title": "One Flew Over the Cuckoo’s Nest",
    "author": "Ken Kesey",
    "sfw": "yes"
  },
  {
    "time": "06:45",
    "quote_first": "The black boy’s dwarf head swivels and comes nose to knuckle with that hand. He frowns at it, then takes a quick check where’s the other two black boys just in case, and tells McMurphy they don’t open the cabinet till ",
    "quote_time_case": "six-forty-five",
    "quote_last": ". “It’s a policy,” he says.",
    "title": "One Flew Over the Cuckoo’s Nest",
    "author": "Ken Kesey",
    "sfw": "yes"
  },
  {
    "time": "06:45",
    "quote_first": "As the clock pointed to a ",
    "quote_time_case": "quarter to seven",
    "quote_last": ", the dog woke and shook himself. After waiting in vain for the footman, who was accustomed to let him out, the animal wandered restlessly from one closed door to another on the ground floor; and, returning to his mat in great perplexity, appealed to the sleeping family, with a long and melancholy howl.&lsquo;",
    "title": "No Name",
    "author": "Wilkie Collins",
    "sfw": "yes"
  },
  {
    "time": "06:45",
    "quote_first": "He was still hurriedly thinking all this through, unable to decide to get out of the bed, when the clock struck ",
    "quote_time_case": "quarter to seven",
    "quote_last": ". There was a cautious knock at the door near his head. &ldquo;Gregor&rdquo;, somebody called - it was his mother - &ldquo;it&rsquo;s quarter to seven. Didn&rsquo;t you want to go somewhere?&rdquo;",
    "title": "Metamorphosis",
    "author": "Franz Kafka",
    "sfw": "yes"
  }
]