[
  {
    "time": "07:09",
    "quote_first": "We wake up and the air is shiverier. Watch says ",
    "quote_time_case": "07:09",
    "quote_last": ", he has a battery, that’s his own little power hidden inside.",
    "title": "Room",
    "author": "Emma Donoghue",
    "sfw": "yes"
  },
  {
    "time": "07:09",
    "quote_first": "In the living room the voice-clock sang, Tick-tock, seven o'clock, time to get up, time to get up, seven o &lsquo;clock! as if it were afraid that nobody would. The morning house lay empty. The clock ticked on, repeating and repeating its sounds into the emptiness. ",
    "quote_time_case": "Seven-nine",
    "quote_last": ", breakfast time, seven-nine!",
    "title": "There Will Come Soft Rains",
    "author": "Ray Bradbury",
    "sfw": "yes"
  },
  {
    "time": "07:09",
    "quote_first": "",
    "quote_time_case": "Seven-nine",
    "quote_last": ", breakfast time, seven-nine!",
    "title": "There Will Come Soft Rains",
    "author": "Ray Bradbury",
    "sfw": "yes"
  }
]