[
  {
    "time": "07:06",
    "quote_first": "So far so good. There followed a little passage of time when we stood by the duty desk, drinking coffee and studiously not mentioning what we were all thinking and hoping: that Percy was late, that maybe Percy wasn&rsquo;t going to show up at all. Considering the hostile reviews he&rsquo;d gotten on the way he&rsquo;d handled the electrocution, that seemed at least possible. But Percy subscribed to that old axiom about how you should get right back on the horse that had thrown you, because here he came through the door at ",
    "quote_time_case": "six minutes past seven",
    "quote_last": ", resplendent in his blue uniform with his sidearm on one hip and his hickory stick in its ridiculous custom-made holster on the other.",
    "title": "The Green Mile",
    "author": "Stephen King",
    "sfw": "yes"
  },
  {
    "time": "07:06",
    "quote_first": "Percy subscribed to that old axiom about how you should get right back on the horse that had thrown you, because here he came through the door at ",
    "quote_time_case": "six minutes past seven",
    "quote_last": ", resplendent in his blue uniform with his sidearm on one hip and his hickory stick in its ridiculous custom-made holster on the other.",
    "title": "The Green Mile",
    "author": "Stephen King",
    "sfw": "yes"
  }
]