[
  {
    "time": "07:14",
    "quote_first": "I jump onto Rocker to look at Watch, he says ",
    "quote_time_case": "07:14",
    "quote_last": ". I can skateboard on Rocker without holding on to her, then I whee back onto Duvet and I’m snowboarding instead.",
    "title": "Room",
    "author": "Emma Donoghue",
    "sfw": "yes"
  },
  {
    "time": "07:14",
    "quote_first": "At ",
    "quote_time_case": "7.14",
    "quote_last": " Harry knew he was alive. He knew that because the pain could be felt in every nerve fibre.",
    "title": "The Redeemer",
    "author": "Jo Nesbo",
    "sfw": "yes"
  }
]