[
  {
    "time": "07:15",
    "quote_first": "The raft drifted steadily north. ''There must be a current.'' The current was carrying them north, toward the hotel. He looked at his watch and was astonished to see it was ",
    "quote_time_case": "fifteen minutes past seven",
    "quote_last": ". Only fifteen minutes had passed since he had last looked at his watch. It seemed like two hours.",
    "title": "Jurassic Park",
    "author": "Michael Crichton",
    "sfw": "yes"
  },
  {
    "time": "07:15",
    "quote_first": "It was early in the year '83 that I woke one morning to find Sherlock Holmes standing, fully dressed, by the side of my bed. He was a late riser, as a rule, and 5as the clock on the mantelpiece showed me that it was only ",
    "quote_time_case": "a quarter-past seven",
    "quote_last": ", I blinked up at him in some surprise, and perhaps just a little resentment, for I was myself regular in my habits.",
    "title": "The Adventures of Sherlock Holmes",
    "author": "Sir Arthur Conan Doyle",
    "sfw": "yes"
  },
  {
    "time": "07:15",
    "quote_first": "At ",
    "quote_time_case": "7:15 A.M.",
    "quote_last": ", January 25th, we started flying northwestward under McTighe&rsquo;s pilotage with ten men, seven dogs, a sledge, a fuel and food supply, and other items including the plane&rsquo;s wireless outfit.",
    "title": "At the Mountains of Madness",
    "author": "H.P. Lovecraft",
    "sfw": "yes"
  },
  {
    "time": "07:15",
    "quote_first": "Gough again knocked on Mr and Mrs Kent&rsquo;s bedroom door. This time it was opened - Mary Kent had got out of bed and put on her dressing gown, having just checked her husband&rsquo;s watch: it was ",
    "quote_time_case": "7.15",
    "quote_last": ". A confused conversation ensued, in which each woman seemed to assume Saville was with the other.",
    "title": "The Suspicions of Mr Whicher",
    "author": "Kate Summerscale",
    "sfw": "yes"
  },
  {
    "time": "07:15",
    "quote_first": "Gough again knocked on Mr and Mrs Kent&rsquo;s bedroom door. This time it was opened - Mary Kent had got out of bed and put on her dressing gown, having just checked her husband&rsquo;s watch: it was ",
    "quote_time_case": "7.15",
    "quote_last": ". A confused conversation ensued, in which each woman seemed to assume Saville was with the other.",
    "title": "The Suspicions of Mr Whicher",
    "author": "Kate Summerscale",
    "sfw": "yes"
  },
  {
    "time": "07:15",
    "quote_first": "It was early in April in the year '83 that I woke one morning to find Sherlock Holmes standing, fully dressed, by the side of my bed. He was a late riser, as a rule, and as the clock on the mantelpiece showed me that it was only a ",
    "quote_time_case": "quarter-past seven",
    "quote_last": ", I blinked up at him in some surprise, and perhaps just a little resentment, for I was myself regular in my habits.",
    "title": "The Adventure of the Speckled Band",
    "author": "Arthur Conan Doyle",
    "sfw": "yes"
  }
]