[
  {
    "time": "07:10",
    "quote_first": "A search in Bradshaw informed me that a train left St Pancras at ",
    "quote_time_case": "7.10",
    "quote_last": ", which would land me at any Galloway station in the late afternoon.",
    "title": "The Thirty-Nine Steps",
    "author": "John Buchan",
    "sfw": "yes"
  },
  {
    "time": "07:10",
    "quote_first": "There were many others waiting to execute the same operation, so she would have to move fast, elbow her way to the front so that she emerged first. The time was ",
    "quote_time_case": "7:10",
    "quote_last": " in the morning. The manoeuvre would start at 7:12. She looked apprehensively at the giant clock at the railway station.",
    "title": "The Fourth Passenger",
    "author": "Mini Nair",
    "sfw": "yes"
  }
]