[
  {
    "time": "07:29",
    "quote_first": "McMurphy is whispering and nudging the Acutes sitting around him, and in a minute they all nod, and he lays three dollars on the table and leans back. Everybody turns in his chair and watches that butter sneak on down the wall, starting, hanging still, shooting ahead and leaving a shiny trail behind it on the pain. Nobody says a word. They look at the butter, then at the clock, then back at the butter. The clock’s moving now.<br>The butter makes it down to the floor about a half ",
    "quote_time_case": "minute before seven-thirty",
    "quote_last": ", and McMurphy gets back all the money he lost.",
    "title": "One Flew Over the Cuckoo’s Nest",
    "author": "Ken Kesey",
    "sfw": "yes"
  },
  {
    "time": "07:29",
    "quote_first": "At ",
    "quote_time_case": "7.29",
    "quote_last": " in the morning of 1 July, the cinematographer finds himself filming silence itself.",
    "title": "At Break of Day",
    "author": "Elizabeth Speller",
    "sfw": "yes"
  }
]