[
  {
    "time": "07:25",
    "quote_first": "He tried one more time at ",
    "quote_time_case": "7:25",
    "quote_last": ", and nothing had changed. It ran and ran, eleven, twelve, thirteen times. \nHe threw his guitar in his dad's car and drove south toward Prescott. The Built to Spill tape was still in the tape deck, and he just let it keep going; it might as well be the damn soundtrack to everything.",
    "title": "Kitchens of the Great Midwest",
    "author": "J. Ryan Stradal",
    "sfw": "yes"
  },
  {
    "time": "07:25",
    "quote_first": "",
    "quote_time_case": "7.25 a.m.",
    "quote_last": " clean teeth and wash face",
    "title": "The Curious Incident Of The Dog In The Night-Time",
    "author": "Mark Haddon",
    "sfw": "yes"
  }
]