[
  {
    "time": "07:35",
    "quote_first": "I told him that it was me and he said, ‘It’s ",
    "quote_time_case": "7.35",
    "quote_last": " on a Sunday morning. This is terribly inconsiderate of you. I realize you’re besotted with Marigold, but you must try and restrain your passion. Come to lunch. I’ve got something to show you.’",
    "title": "Adrian Mole and the Weapons of Mass Destruction",
    "author": "Sue Townsend",
    "sfw": "yes"
  },
  {
    "time": "07:35",
    "quote_first": "At ",
    "quote_time_case": "7:35am",
    "quote_last": " Ishigami left his apartment as he did every weekday morning.",
    "title": "The Devotion of Duspect X",
    "author": "Higashino, Keigo",
    "sfw": "yes"
  },
  {
    "time": "07:35",
    "quote_first": "I looked at my watch. ",
    "quote_time_case": "Seven thirty-five",
    "quote_last": ".",
    "title": "Bare Bones",
    "author": "Kathy Reichs",
    "sfw": "yes"
  }
]