[
  {
    "time": "07:44",
    "quote_first": "And there I was, complaining that all this was just inconvenient, Anna castigates herself. The Goth was obviously right. What does it matter, really, if I&rsquo;m a bit late for work? She voices her thoughts: &ldquo;It&rsquo;s not exactly how you&rsquo;d choose to go, is it? You&rsquo;d rather die flying a kite with your grandchildren, or at a great party or something. Not on the ",
    "quote_time_case": "seven forty-four",
    "quote_last": ".&quot;",
    "title": "One moment, one morning",
    "author": "Sarah Rayner",
    "sfw": "yes"
  },
  {
    "time": "07:44",
    "quote_first": "The Goth was obviously right. What does it matter, really, if I&rsquo;m a bit late for work? She voices her thoughts: &ldquo;It&rsquo;s not exactly how you&rsquo;d choose to go, is it? You&rsquo;d rather die flying a kite with your grandchildren, or at a great party or something. Not on the ",
    "quote_time_case": "seven forty-four",
    "quote_last": ".&quot;",
    "title": "One Moment, One Morning",
    "author": "Sarah Rayner",
    "sfw": "yes"
  }
]