[
  {
    "time": "07:45",
    "quote_first": "Tony marks papers until ",
    "quote_time_case": "quarter to eight",
    "quote_last": ". Sunlight floods the room, made golden by the yellow leaves outside; a jet flies over; the garbage truck approaches along the street, clanking like a tank.",
    "title": "The Robber Bride",
    "author": "Margaret Atwood",
    "sfw": "yes"
  },
  {
    "time": "07:45",
    "quote_first": "",
    "quote_time_case": "Seven-forty-five",
    "quote_last": " the black boys move down the line of Chronics taping catheters on the ones that will hold still for it. Catheters are second-hand condoms the ends clipped off and rubber-banded to tubes that run down pantlegs to a plastic sack marked DISPOSABLE NOT TO BE RE-USED, which it is my job to wash out at the end of each day.",
    "title": "One Flew Over the Cuckoo’s Nest",
    "author": "Ken Kesey",
    "sfw": "yes"
  },
  {
    "time": "07:45",
    "quote_first": "“Contrary to his habit of being late, Pierre on that day arrived at the Bergs’ house, not at ten but at ",
    "quote_time_case": "fifteen minutes to eight",
    "quote_last": ".”",
    "title": "War and Peace",
    "author": "Leo Tostoy",
    "sfw": "yes"
  },
  {
    "time": "07:45",
    "quote_first": "Mr Green left for work at a ",
    "quote_time_case": "quarter to eight",
    "quote_last": ", as he did every morning. He walked down his front steps carrying his empty-looking leatherette briefcase with the noisy silver clasps, opened his car door, and ducked his head to climb into the driver&rsquo;s seat.",
    "title": "A Crime in The Neighborhood",
    "author": "Suzanne Berne",
    "sfw": "yes"
  },
  {
    "time": "07:45",
    "quote_first": "Mr Green left for work at a ",
    "quote_time_case": "quarter to eight",
    "quote_last": ", as he did every morning. He walked down his front steps carrying his empty-looking leatherette briefcase with the noisy silver clasps, opened his car door, and ducked his head to climb into the driver&rsquo;s seat.",
    "title": "A crime in the neighborhood",
    "author": "Suzanne Berne",
    "sfw": "yes"
  }
]