[
  {
    "time": "07:42",
    "quote_first": "''So he really had no choice but to pay an occasional visit to the living room instead, where the hands on the grandfather clock now indicated, rather unambiguously, that it was ",
    "quote_time_case": "7:42",
    "quote_last": "''",
    "title": "The Lincoln Highway",
    "author": "Amor Towles",
    "sfw": "yes"
  },
  {
    "time": "07:42",
    "quote_first": "''I had been in the tech ninja sleeve only a few hours—",
    "quote_time_case": "seven, and forty-two minutes",
    "quote_last": " according to the time display chipped into my upper-left field of vision—but there were none of the usual download side effects.''",
    "title": "Altered Carbon",
    "author": "Richard K. Morgan",
    "sfw": "yes"
  },
  {
    "time": "07:42",
    "quote_first": "",
    "quote_time_case": "Seven forty-two",
    "quote_last": " am., Mr Gasparian: I curse you. I curse your arms so they will wither and die and fall off your body&hellip;",
    "title": "Magic Bleeds",
    "author": "Ilona Andrews",
    "sfw": "yes"
  }
]