[
  {
    "time": "07:55",
    "quote_first": "At ",
    "quote_time_case": "five minutes to eight",
    "quote_last": " , the Prime Minister emerged from Wilson’s office, followed by Halifax and Cadogan. Wilson was the last to appear. He looked irritated. Legat guessed he must have had a further argument with Cadogan.",
    "title": "Munich",
    "author": "Robert Harris",
    "sfw": "yes"
  },
  {
    "time": "07:55",
    "quote_first": "at ",
    "quote_time_case": "7.55",
    "quote_last": " this morning the circus ran away to join me.",
    "title": "Tightrope, from Selected Poems 1967-1987",
    "author": "Roger McGough",
    "sfw": "yes"
  }
]