[
  {
    "time": "07:56",
    "quote_first": "I sit by the window, crunching toast, sipping coffee, and leafing through the paper in a leisurely way. At last, after devouring three slices, two cups of coffee, and all the Saturday sections, I stretch my arms in a big yawn and glance at the clock. I don&rsquo;t believe it. It&rsquo;s only ",
    "quote_time_case": "seven fifty-six",
    "quote_last": ".",
    "title": "The Undomestic Goddess",
    "author": "Sophie Kinsella",
    "sfw": "yes"
  },
  {
    "time": "07:56",
    "quote_first": "The Castle Gate - only the Castle Gate - and it was ",
    "quote_time_case": "four minutes to eight",
    "quote_last": ".",
    "title": "Buddenbrooks",
    "author": "Thomas Mann",
    "sfw": "yes"
  }
]