[
  {
    "time": "08:04",
    "quote_first": "&hellip; every clerk had his particular schedule of hours, which coincided with a single pair of tram runs coming from the city: A had to come in at 8, B at ",
    "quote_time_case": "8:04",
    "quote_last": ", C at 8:08 and so on, and the same for quitting times, in such a manner that never would two colleagues have the opportunity to travel in the same tramcar.",
    "title": "The Periodic Table",
    "author": "Primo Levi",
    "sfw": "yes"
  }
]