[
  {
    "time": "08:02",
    "quote_first": "&hellip; bingeley &hellip; ",
    "quote_time_case": "Eight oh two",
    "quote_last": " eh em, Death of Corporal Littlebottombottom &hellip; Eight oh three eh em &hellip; Death of Sergeant Detritus &hellip; Eight oh threethreethree eh em and seven seconds seconds &hellip; Death of Constable Visit &hellip; Eight oh three eh em and nineninenine seconds &hellip; Death of death of death of &hellip;",
    "title": "Jingo",
    "author": "Terry Pratchett",
    "sfw": "yes"
  }
]