[
  {
    "time": "08:03",
    "quote_first": "",
    "quote_time_case": "8:03 A.M.",
    "quote_last": " <br>People in Evanston moved so goddamn slow. it was one thing when the sidewalks were covered in ice and lake-effect snow. But this was June, the day after Braque’s cousin Eva’s birthday, which used to mean a big family party marking the beginning of summer, at least before her dad left and her brother Randy went into rehab.",
    "title": "Kitchens of the Great Midwest",
    "author": "J. Ryan Stradal",
    "sfw": "yes"
  },
  {
    "time": "08:03",
    "quote_first": "&hellip; bingeley &hellip; Eight oh two eh em, Death of Corporal Littlebottombottom &hellip; ",
    "quote_time_case": "Eight oh three",
    "quote_last": " eh em &hellip; Death of Sergeant Detritus &hellip; Eight oh threethreethree eh em and seven seconds seconds &hellip; Death of Constable Visit &hellip; Eight oh three eh em and nineninenine seconds &hellip; Death of death of death of &hellip;",
    "title": "Jingo",
    "author": "Terry Pratchett",
    "sfw": "yes"
  },
  {
    "time": "08:03",
    "quote_first": "He taught me that if I had to meet someone for an appointment, I must refuse to follow the &lsquo;stupid human habit&rsquo; of arbitrarily choosing a time based on fifteen-minute intervals. &lsquo;Never meet people at 7:45 or 6:30, Jasper, but pick times like 7:12 and ",
    "quote_time_case": "8:03",
    "quote_last": "!'",
    "title": "A Fraction of the Whole",
    "author": "Steve Toltz",
    "sfw": "yes"
  }
]