[
  {
    "time": "08:12",
    "quote_first": "At ",
    "quote_time_case": "8:12 a.m.",
    "quote_last": ", just before the moment of pff, all the business of the cellars was being transacted - garbage transferred from small cans into large ones; early wide-awake grandmas, rocky with insomnia, dumped wash into the big tubs; boys in swimming trunks rolled baby carriages out into the cool morning.",
    "title": "In Time Which Made A Monkey Of Us All",
    "author": "Grace Paley",
    "sfw": "yes"
  }
]