[
  {
    "time": "08:11",
    "quote_first": "&lsquo;Care for a turn on the engine?&rsquo; he called to the doxies, and pointed up at the footplate. They laughed but voted not to, climbing up with their bathtub into one of the rattlers instead. They both had very fetching hats, with one flower apiece, but the prettiness of their faces made you think it was more. For some reason they both wore white rosettes pinned to their dresses. I looked again at the clock: ",
    "quote_time_case": "eight-eleven",
    "quote_last": ".",
    "title": "The Blackpool Highflyer",
    "author": "Andrew Martin",
    "sfw": "yes"
  }
]