[
  {
    "time": "08:15",
    "quote_first": "No one at the desk asked Louis for identification or payment. An elderly woman showed him to a tiny, spotlessly clean room, and left without offering a word. The earliest direct flight from Prague to Vienna left at ",
    "quote_time_case": "8:15 a.m.",
    "quote_last": ", and Most had decided that Louis should not spend the intervening hours waiting in an airport lounge.",
    "title": "The Nameless Ones",
    "author": "John Connolly",
    "sfw": "yes"
  },
  {
    "time": "08:15",
    "quote_first": "Casey Kingsley wasn't entirely surprised to see his new hire sitting outside his office when he arrived at ",
    "quote_time_case": "quarter past eight",
    "quote_last": " that morning. Nor was he surprised to see the bottle Torrance was holding in his hands, first twisting the cap off, then putting it back on and turning it tight again—he'd had that special look from the start, the thousand-yard Kappy's Discount Liquor Store stare.",
    "title": "Doctor Sleep",
    "author": "Stephen King",
    "sfw": "yes"
  },
  {
    "time": "08:15",
    "quote_first": "It was in the winter when this happened, very near the shortest day, and a week of fog into the bargain, so the fact that it was still very dark when George woke in the morning was no guide to him as to the time. He reached up, and hauled down his watch. It was a ",
    "quote_time_case": "quarter-past eight",
    "quote_last": ".",
    "title": "Three Men in a Boat",
    "author": "Jerome K Jerome",
    "sfw": "yes"
  },
  {
    "time": "08:15",
    "quote_first": "You scrutinized your wrist: &ldquo;It&rsquo;s ",
    "quote_time_case": "eight fifteen",
    "quote_last": ". (And here time forked.) I&rsquo;ll turn it on.&rdquo; The screen In its blank broth evolved a lifelike blur, And music welled.",
    "title": "Pale Fire",
    "author": "Vladimir Nabokov",
    "sfw": "yes"
  }
]