[
  {
    "time": "08:17",
    "quote_first": "Breakfast over, my uncle drew from his pocket a small notebook, intended for scientific observations. He consulted his instruments, and recorded:<br>“Monday, July 1.<br>“Chronometer, ",
    "quote_time_case": "8.17 a.m.",
    "quote_last": "; barometer, 297 in.; thermometer, 6° (43° F.). Direction, E.S.E.”<br>This last observation applied to the dark gallery, and was indicated by the compass.",
    "title": "A Journey to the Centre of the Earth",
    "author": "Jules Verne",
    "sfw": "yes"
  },
  {
    "time": "08:17",
    "quote_first": "Come on, I can&rsquo;t give up yet. I&rsquo;ll just sit here for a bit and enjoy the peace. I lean back and watch a little speckled bird pecking the ground nearby for a while. Then I look at my watch again: ",
    "quote_time_case": "eight seventeen",
    "quote_last": ". I can&rsquo;t do this.",
    "title": "The Undomestic Goddess",
    "author": "Sophie Kinsella",
    "sfw": "yes"
  }
]