[
  {
    "time": "08:20",
    "quote_first": "",
    "quote_time_case": "Eight-twenty",
    "quote_last": " the cards and puzzles go out&hellip; .",
    "title": "One Flew Over the Cuckoo's Nest",
    "author": "Ken Kesey",
    "sfw": "yes"
  },
  {
    "time": "08:20",
    "quote_first": "When the typewriters happen to pause (",
    "quote_time_case": "8:20",
    "quote_last": " and other mythical hours), and there are no flights of American bombers in the sky, and the motor traffic&rsquo;s not too heavy in Oxford Street, you can hear winter birds cheeping outside, busy at the feeders the girls have put up.",
    "title": "Gravity's Rainbow",
    "author": "Thomas Pynchon",
    "sfw": "yes"
  }
]