[
  {
    "time": "08:23",
    "quote_first": "And then Wedderburn looked at his watch. &ldquo;",
    "quote_time_case": "Twenty-three minutes past eight",
    "quote_last": ". I am going up by the quarter to twelve train, so that there is plenty of time. I think I shall wear my alpaca jacket - it is quite warm enough - and my grey felt hat and brown shoes. I suppose”",
    "title": "The Flowering of The Strange Orchid",
    "author": "HG Wells",
    "sfw": "yes"
  },
  {
    "time": "08:23",
    "quote_first": "At ",
    "quote_time_case": "8:23",
    "quote_last": " there seemed every chance of a lasting alliance starting between Florin and Guilder. At 8:24 the two nations were very close to war.",
    "title": "The Princess Bride",
    "author": "William Goldman",
    "sfw": "yes"
  }
]