[
  {
    "time": "08:39",
    "quote_first": "This is because when the first shot was fired at ",
    "quote_time_case": "8:39 A.M.",
    "quote_last": ", I was sleeping beside my girlfriend, Carmen, as bourbon soaked our livers, coke drip lingered in our throats, and her birth control eliminated the risk of getting pregnant on a night we would scarcely remember. As haram of a night as one could live; I might as well have changed my name to Patrick and launched a blog for atheists.",
    "title": "Cairo Circles",
    "author": "Doma Mahmoud",
    "sfw": "yes"
  },
  {
    "time": "08:39",
    "quote_first": "Doug McGuire noticed the early hour, ",
    "quote_time_case": "8:39 A.M.",
    "quote_last": " on the one wall clock that gave Daylight Savings Time for the East Coast.",
    "title": "Terminal Compromise",
    "author": "Winn Schwartau",
    "sfw": "yes"
  }
]