[
  {
    "time": "08:30",
    "quote_first": "Gard stood bent over the cut in the earth for some time, shining the big light into the black depths. Here it was, only ",
    "quote_time_case": "eight-thirty in the morning",
    "quote_last": ", and already he wanted a drink.",
    "title": "The Tommyknockers",
    "author": "Stephen King",
    "sfw": "yes"
  },
  {
    "time": "08:30",
    "quote_first": "At ",
    "quote_time_case": "half past eight",
    "quote_last": " Millicent Hammitt barged in, without a preliminary knock, to say goodbye.",
    "title": "The Black Tower",
    "author": "PD James",
    "sfw": "yes"
  },
  {
    "time": "08:30",
    "quote_first": "Sir John was normally awakened at ",
    "quote_time_case": "half past eight",
    "quote_last": " every morning by a butler who brought him his breakfast, another butler who brought him his clothes, a third butler whose job it was to feed Adolf and Stalin if necessary, and a fourth butler who was basically a spare.",
    "title": "Johnny and the Bomb",
    "author": "Terry Pratchett",
    "sfw": "yes"
  },
  {
    "time": "08:30",
    "quote_first": "Outside, the wind continued to rise. Every now and then it gave a blood-curdling scream around the eaves that made him look up from his book. Around ",
    "quote_time_case": "eight thirty",
    "quote_last": ", the snow began. It was heavy and wet, quickly coating his window and blocking his view of the mountains. In a way, that was worse. The snow had blocked the windows in the Overlook, too.",
    "title": "Doctor Sleep",
    "author": "Stephen King",
    "sfw": "yes"
  },
  {
    "time": "08:30",
    "quote_first": "We had made our arrangements at lunch the day before, and when I turned my old car into the driveway of the big green Victorian at ",
    "quote_time_case": "eight-thirty",
    "quote_last": " on Tuesday morning, Annie and Mike were ready to go. So was Milo.",
    "title": "Joyland",
    "author": "Stephen King",
    "sfw": "yes"
  },
  {
    "time": "08:30",
    "quote_first": "At ",
    "quote_time_case": "eight thirty",
    "quote_last": ", I called and said, “I’ve been thinking I might get a boob job, just take them clean off. What do you think? Could I pull off the flat-chested look?”",
    "title": "My Year of Rest and Relaxation",
    "author": "Ottessa Moshfegh",
    "sfw": "yes"
  },
  {
    "time": "08:30",
    "quote_first": "",
    "quote_time_case": "Eight-thirty",
    "quote_last": " the ward door opens and two technicians trot in, smelling like grape wine; technicians always move at a fast walk or a trot because they’re always leaning so far forward they have to move fast to keep standing.",
    "title": "One Flew Over the Cuckoo’s Nest",
    "author": "Ken Kesey",
    "sfw": "yes"
  },
  {
    "time": "08:30",
    "quote_first": "At ",
    "quote_time_case": "8:30 A.M.",
    "quote_last": " Filomina walked into the Ale House white, round, and heaving from the extra hundred and forty-six pounds she carried on her small frame.",
    "title": "Pomegranate Soup",
    "author": "Marsha Mehran",
    "sfw": "yes"
  },
  {
    "time": "08:30",
    "quote_first": "“What nonsense!” thought Vronsky, and glanced at his watch.<br>It was ",
    "quote_time_case": "half-past eight",
    "quote_last": " already.",
    "title": "Anna Karenina",
    "author": "Leo Tolstoy",
    "sfw": "yes"
  },
  {
    "time": "08:30",
    "quote_first": "At ",
    "quote_time_case": "half past eight",
    "quote_last": ", Mr. Dursley picked up his briefcase, pecked Mrs. Dursley on the cheek, and tried to kiss Dudley good-bye but missed, because Dudley was now having a tantrum and throwing his cereal at the walls.",
    "title": "Harry Potter and the Philosopher's Stone",
    "author": "JK Rowling",
    "sfw": "yes"
  },
  {
    "time": "08:30",
    "quote_first": "It is around ",
    "quote_time_case": "8:30",
    "quote_last": ". Sunshine comes through the windows at right. As the curtain rises, the family has just finished breakfast.",
    "title": "Long Day's Journey Into Night",
    "author": "Eugene O'Neill",
    "sfw": "yes"
  },
  {
    "time": "08:30",
    "quote_first": "On July 25th, ",
    "quote_time_case": "8:30 a.m.",
    "quote_last": " the bitch Novaya dies whelping. At 10 o'clock she is lowered into her cool grave, at 7:30 that same evening we see our first floes and greet them wishing they were the last.",
    "title": "The Terrors of Ice and Darkness",
    "author": "Christoph Ransmayr",
    "sfw": "yes"
  },
  {
    "time": "08:30",
    "quote_first": "The lecture was to be given tomorrow, and it was now almost ",
    "quote_time_case": "eight-thirty",
    "quote_last": ".",
    "title": "A Confederacy of Dunces",
    "author": "John Kennedy Toole",
    "sfw": "yes"
  },
  {
    "time": "08:30",
    "quote_first": "When he woke, at ",
    "quote_time_case": "eight-thirty",
    "quote_last": ", he was alone in the bedroom. He put on his dressing gown and put in his hearing aid and went into the living room.",
    "title": "Deaf Sentence",
    "author": "David Lodge",
    "sfw": "yes"
  },
  {
    "time": "08:30",
    "quote_first": "I can see by my watch, without taking my hand from the left grip of the cycle, that it is ",
    "quote_time_case": "eight-thirty",
    "quote_last": " in the morning.",
    "title": "Zen and the Art of Motorcycle Maintenence",
    "author": "Robert M. Pirsig",
    "sfw": "yes"
  }
]