[
  {
    "time": "08:32",
    "quote_first": "It’s ",
    "quote_time_case": "8:32 a.m.",
    "quote_last": " on the twenty-fourth of December and Henry and I are on our way to Meadowlark House for Christmas. It’s a beautiful clear day, no snow here in Chicago, but six inches on the ground in South Haven.",
    "title": "The Time Traveler’s Wife",
    "author": "Audrey Niffenegger",
    "sfw": "yes"
  },
  {
    "time": "08:32",
    "quote_first": "&lsquo;Does anybody know the time a little more exactly is what I&rsquo;m wondering, Don, since Day doesn&rsquo;t.&rsquo; Gately checks his cheap digital, head still hung over the sofa&rsquo;s arm. &lsquo;I got ",
    "quote_time_case": "0832",
    "quote_last": ":14, 15, 16, Randy.&rsquo; &ldquo;ks a lot, D.G. man.&lsquo;",
    "title": "Infinite Jest",
    "author": "David Foster Wallace",
    "sfw": "yes"
  },
  {
    "time": "08:32",
    "quote_first": "",
    "quote_time_case": "8.32 a.m.",
    "quote_last": " Catch bus to school",
    "title": "The Curious Incident Of The Dog In The Night-Time",
    "author": "Mark Haddon",
    "sfw": "yes"
  }
]