[
  {
    "time": "08:40",
    "quote_first": "At ",
    "quote_time_case": "8:40 A.M.",
    "quote_last": " she was wheeled out on a stretcher headed for Mayo General Hospital, blistered and burned by a tanning bed turned torture chamber.",
    "title": "Pomegranate Soup",
    "author": "Marsha Mehran",
    "sfw": "yes"
  },
  {
    "time": "08:40",
    "quote_first": "At this moment the clock indicated ",
    "quote_time_case": "8.40",
    "quote_last": ". &lsquo;Five minutes more,&rsquo; said Andrew Stuart. The five friends looked at each other. One may surmise that their heart-beats were slightly accelereted, for, even for bold gamblers, the stake was a large one.&lsquo;",
    "title": "Around the world in eighty days",
    "author": "Jules Verne",
    "sfw": "yes"
  },
  {
    "time": "08:40",
    "quote_first": "It was when I stood before her, avoiding her eyes, that I took note of the surrounding objects in detail, and saw that her watch had stopped at ",
    "quote_time_case": "twenty minutes to nine",
    "quote_last": ", and that a clock in the room had stopped at twenty minutes to nine.",
    "title": "Great Expectations",
    "author": "Charles Dickens",
    "sfw": "yes"
  }
]