[
  {
    "time": "08:43",
    "quote_first": "&ldquo;You understand this tape recorder is on?&rdquo; &ldquo;Uh huh&rdquo; &ldquo;And it&rsquo;s Wednesday, May 15, at ",
    "quote_time_case": "eight forty-three",
    "quote_last": " in the mornin'.&rdquo; &ldquo;If you say so&quot;",
    "title": "A Time to Kill",
    "author": "John Grisham",
    "sfw": "yes"
  },
  {
    "time": "08:43",
    "quote_first": "",
    "quote_time_case": "8.43 a.m.",
    "quote_last": " Go past tropical fish shop",
    "title": "The Curious Incident Of The Dog In The Night-Time",
    "author": "Mark Haddon",
    "sfw": "yes"
  }
]