[
  {
    "time": "08:45",
    "quote_first": "When Gardner woke up, bright light was streaming into his face through the western window. His back hurt like a bastard, and when he stood up his neck gave a wretched arthritic creak that made him wince. It was ",
    "quote_time_case": "quarter of nine",
    "quote_last": ".",
    "title": "The Tommyknockers",
    "author": "Stephen King",
    "sfw": "yes"
  },
  {
    "time": "08:45",
    "quote_first": "When it got to be ",
    "quote_time_case": "a quarter to nine",
    "quote_last": " and still no one had shown up, Gardener began to wonder if maybe they were quitting. He toyed with the idea as he sat in Bobbi’s rocker on the porch, fingering the big, puffy bruise on the side of his face where Bozeman had clouted him.",
    "title": "The Tommyknockers",
    "author": "Stephen King",
    "sfw": "yes"
  },
  {
    "time": "08:45",
    "quote_first": "At ",
    "quote_time_case": "eight forty-five",
    "quote_last": ", I called and said, “I need some financial advice. Actually, I’m serious. I’m in a bind.”",
    "title": "My Year of Rest and Relaxation",
    "author": "Ottessa Moshfegh",
    "sfw": "yes"
  },
  {
    "time": "08:45",
    "quote_first": "He paid the waitress and left the café. It was ",
    "quote_time_case": "8:45",
    "quote_last": ". The sun pressed against the inside of a thin layer of cloud. He unbuttoned his jacket as he hurried down Queensway. His mind, unleashed, sprang forwards.",
    "title": "Dreams of leaving",
    "author": "Rupert Thomson",
    "sfw": "yes"
  }
]