[
  {
    "time": "08:47",
    "quote_first": "&ldquo;Just on my way to the cottage. It&rsquo;s, er, ..",
    "quote_time_case": "8.47",
    "quote_last": ". Bit misty on the roads&hellip;..&quot;",
    "title": "Dirk Gently's Holistic Detective Agency",
    "author": "Douglas Adams",
    "sfw": "yes"
  },
  {
    "time": "08:47",
    "quote_first": "",
    "quote_time_case": "8.47",
    "quote_last": ". Bit misty on the roads",
    "title": "Dirk Gently's Holistic Detective Agency",
    "author": "Douglas Adams",
    "sfw": "yes"
  }
]