[
  {
    "time": "08:41",
    "quote_first": "It’s ",
    "quote_time_case": "08:41",
    "quote_last": " and I’m in Bed practicing. Ma’s filled a plastic bag with really hot water and tied it tight so none spills out, she puts it in another bag and ties that too.",
    "title": "Room",
    "author": "Emma Donoghue",
    "sfw": "yes"
  },
  {
    "time": "08:41",
    "quote_first": "By ",
    "quote_time_case": "forty-one minutes past eight",
    "quote_last": " we are five hundred yards from the water’s edge, and between our road and the foot of the mountain we descry the piled-up remains of a ruined tower.",
    "title": "Narrative of a Journey round the Dead Sea and in the Bible lands in 1850 and 1851",
    "author": "Félicien de Saulcy",
    "sfw": "yes"
  }
]