[
  {
    "time": "08:57",
    "quote_first": "She points up at Watch that says 08:57, that’s ",
    "quote_time_case": "only three minutes before nine",
    "quote_last": ". So I run into Wardrobe and lie down on my pillow and wrap up in Blanket that’s all grey and fleecy with the red piping.",
    "title": "Room",
    "author": "Emma Donoghue",
    "sfw": "yes"
  },
  {
    "time": "08:57",
    "quote_first": "She points up at Watch that says ",
    "quote_time_case": "08:57",
    "quote_last": ", that’s only three minutes before nine. So I run into Wardrobe and lie down on my pillow and wrap up in Blanket that’s all grey and fleecy with the red piping.",
    "title": "Room",
    "author": "Emma Donoghue",
    "sfw": "yes"
  },
  {
    "time": "08:57",
    "quote_first": "You&rsquo;ll have to hurry. Many a long year before that, in one of the bygone centuries, a worthy citizen of Wrychester, Martin by name, had left a sum of money to the Dean and Chapter of the Cathedral on condition that as long as ever the Cathedral stood, they should cause to be rung a bell from its smaller bell-tower for ",
    "quote_time_case": "three minutes before nine",
    "quote_last": " o'clock every morning, all the year round.",
    "title": "The Paradise Mystery",
    "author": "JS Fletcher",
    "sfw": "yes"
  }
]