[
  {
    "time": "08:51",
    "quote_first": "",
    "quote_time_case": "8:51 A.M.",
    "quote_last": "\nBraque had never been at Whole Foods this time of morning before. It was way less slammed with rubes than at lunchtime. It sucked balls having to skip weight training, but after vomiting, she needed two bananas, reverse-osmosis water, and a protein shake to replenish, along with an extra protein shake for Patricia to make it up to her.",
    "title": "Kitchens of the Great Midwest",
    "author": "J. Ryan Stradal",
    "sfw": "yes"
  },
  {
    "time": "08:51",
    "quote_first": "",
    "quote_time_case": "8.51 a.m.",
    "quote_last": " Arrive at school",
    "title": "The Curious Incident of the Dog in the Night-time",
    "author": "Mark Haddon",
    "sfw": "yes"
  }
]