[
  {
    "time": "08:50",
    "quote_first": "''He rang up his servant, dressed in haste, and went out onto the steps, completely forgetting the dream and only worried at being late. As he drove up to the Karenins' entrance he looked at his watch and saw it was ",
    "quote_time_case": "ten minutes to nine",
    "quote_last": ".''",
    "title": "Anna Karenina",
    "author": "Leo Tolstoy",
    "sfw": "yes"
  },
  {
    "time": "08:50",
    "quote_first": "At ",
    "quote_time_case": "ten to nine",
    "quote_last": " the clerks began to arrive.When they had hung up their coats and hates they came to the fireplace and stood warming themselves. If there was no fire, they stood there all the same",
    "title": "The Chestnut Tree",
    "author": "V.S. Pritchett",
    "sfw": "yes"
  },
  {
    "time": "08:50",
    "quote_first": "It was ",
    "quote_time_case": "8:50",
    "quote_last": " in the morning and Bernie and I were alone on an Astoria side street, not far from a sandwich shop that sold a sopressatta sub called &ldquo;The Bypass&rdquo;. I used to eat that sandwich weekly, wash it down with espresso soda, smoke a cigarette, go for a jog. Now I was too near the joke to order the sandwich, and my son&rsquo;s preschool in the throes of doctrinal schism.",
    "title": "The Ask",
    "author": "Sam Lipsyte",
    "sfw": "yes"
  },
  {
    "time": "08:50",
    "quote_first": "Punctually at ",
    "quote_time_case": "ten minutes to nine",
    "quote_last": ", a quarter hour after early mass, the boy stood in his Sunday uniform outside his father&rsquo;s door.",
    "title": "The Radetzky March",
    "author": "Joseph Roth",
    "sfw": "yes"
  }
]