[
  {
    "time": "09:03",
    "quote_first": "",
    "quote_time_case": "9:03am",
    "quote_last": " lay in bed, staring at ceiling.",
    "title": "A Fraction of the Whole",
    "author": "Steve Toltz",
    "sfw": "yes"
  },
  {
    "time": "09:03",
    "quote_first": "This isn&rsquo;t a very good start to the new school year.&ldquo; I stared at her. What was she talking about? Why was she looking at her watch? I wasn&rsquo;t late. Okay, the school bell had rung as I was crossing the playground, but you always get five minutes to get to your classroom. &quot;It&rsquo;s ",
    "quote_time_case": "three minutes past nine",
    "quote_last": ",&rdquo; Miss Beckworth announced. &ldquo;You&rsquo;re late.&quot;",
    "title": "The Lottie Project",
    "author": "Jacqueline Wilson",
    "sfw": "yes"
  }
]