[
  {
    "time": "09:05",
    "quote_first": "",
    "quote_time_case": "9:05am",
    "quote_last": " lay in bed, staring at ceiling",
    "title": "A Fraction of the Whole",
    "author": "Steve Toltz",
    "sfw": "yes"
  },
  {
    "time": "09:05",
    "quote_first": "Kaldren pursues me like luminescent shadow. He has chalked up on the gateway &lsquo;96,688,365,498,702&rsquo;. Should confuse the mail man. Woke ",
    "quote_time_case": "9:05",
    "quote_last": ". To sleep 6:36.",
    "title": "The Voices of Time",
    "author": "JG Ballard",
    "sfw": "yes"
  },
  {
    "time": "09:05",
    "quote_first": "The tour of the office doesn&rsquo;t take that long. In fact, we&rsquo;re pretty much done by ",
    "quote_time_case": "9:05 a.m.",
    "quote_last": " … and even though it&rsquo;s just a room with a window and a pin board and two doors and two desks&hellip; I can&rsquo;t help feeling a buzz as I lead them around. It&rsquo;s mine. My space. My company.",
    "title": "Twenties Girl",
    "author": "Sophie Kinsella",
    "sfw": "yes"
  },
  {
    "time": "09:05",
    "quote_first": "The tour of the office doesn&rsquo;t take that long. In fact, we&rsquo;re pretty much done by ",
    "quote_time_case": "9:05 a.m.",
    "quote_last": " Ed looks at everything twice and says it&rsquo;s all great, and gives me a list of contacts who might be helpful, then has to leave for his own office.",
    "title": "Twenties Girl",
    "author": "Sophie Kinsella",
    "sfw": "yes"
  }
]