[
  {
    "time": "09:15",
    "quote_first": "The breakfast crowd at the Sunspot is clearing out. Soon the woman in charge, no longer sleepy-eyed, will take in the signboard with the breakfast specials and replace it with the one for the lunch specials.\n",
    "quote_time_case": "Quarter past nine",
    "quote_last": " and the smoke billowing above the courthouse seems to be thinning. Billy is starting to wonder if there's been a glitch.",
    "title": "Billy Summers",
    "author": "Stephen King",
    "sfw": "yes"
  },
  {
    "time": "09:15",
    "quote_first": "It was a ",
    "quote_time_case": "quarter-past nine",
    "quote_last": " when I started from home and made my way across the Park, and so through Oxford Street to Baker Street.",
    "title": "The Adventures of Sherlock Holmes",
    "author": "Sir Arthur Conan Doyle",
    "sfw": "yes"
  },
  {
    "time": "09:15",
    "quote_first": "&ldquo;Great!&rdquo; Jones commented. &ldquo;I&rsquo;ve never seen it do that before. That&rsquo;s all right. Okay.&rdquo; Jones pulled a handful of pencils from his back pocket. &ldquo;Now, I got the contact first at ",
    "quote_time_case": "0915",
    "quote_last": " or so, and the bearing was about two-six-nine.&rdquo;",
    "title": "The Hunt for Red October",
    "author": "Tom Clancy",
    "sfw": "yes"
  },
  {
    "time": "09:15",
    "quote_first": "",
    "quote_time_case": "9:15am",
    "quote_last": " doubled over pillow, sat up to see out window",
    "title": "A Fraction of the Whole",
    "author": "Steve Toltz",
    "sfw": "yes"
  },
  {
    "time": "09:15",
    "quote_first": "",
    "quote_time_case": "9.15 a.m.",
    "quote_last": " First morning class",
    "title": "The Curious Incident of the Dog in the Night-time",
    "author": "Mark Haddon",
    "sfw": "yes"
  },
  {
    "time": "09:15",
    "quote_first": "Miss Pettigrew pushed open the door of the employment agency and went in as the clock struck a ",
    "quote_time_case": "quarter past nine",
    "quote_last": ".",
    "title": "Miss Pettigrew Lives For a Day",
    "author": "Winifred Watson",
    "sfw": "yes"
  }
]