[
  {
    "time": "09:13",
    "quote_first": "",
    "quote_time_case": "9:13am",
    "quote_last": " lay in bed, staring at wall",
    "title": "A Fraction of the Whole",
    "author": "Steve Toltz",
    "sfw": "yes"
  },
  {
    "time": "09:13",
    "quote_first": "She tucked the phone in the crook of her neck and thumbed hurriedly through her pink messages. Dr. Provetto, at ",
    "quote_time_case": "9:13 A.M.",
    "quote_last": "",
    "title": "Mistaken Identity",
    "author": "Lisas Scottoline",
    "sfw": "yes"
  }
]