[
  {
    "time": "09:20",
    "quote_first": "Grant knew animals often performed such mating rituals for hours at a time. They went without food, they paid attention to nothing else&hellip; .  He glanced at his watch. ",
    "quote_time_case": "Nine-twenty",
    "quote_last": ".",
    "title": "Jurassic Park",
    "author": "Michael Crichton",
    "sfw": "yes"
  },
  {
    "time": "09:20",
    "quote_first": "I&rsquo;ll compromise by saying that I left home at eight and spent an hour travelling to a nine o'clock appointment. Twenty minutes later is ",
    "quote_time_case": "nine-twenty",
    "quote_last": ".",
    "title": "Girl, Interrupted",
    "author": "Susanna Kaysen",
    "sfw": "yes"
  },
  {
    "time": "09:20",
    "quote_first": "At ",
    "quote_time_case": "twenty minutes past nine",
    "quote_last": ", the Duke of Dunstable, who had dined off a tray in his room, was still there, waiting for his coffee and liqueur.",
    "title": "Uncle Fred in the Springtime",
    "author": "P.G. Wodehouse",
    "sfw": "yes"
  },
  {
    "time": "09:20",
    "quote_first": "The following morning at ",
    "quote_time_case": "9.20",
    "quote_last": " Mr Cribbage straightened his greasy old tie, combed his Hitler moustache and arranged the few strands of his hair across his bald patch.",
    "title": "Red Dog",
    "author": "Louis de Bernieres",
    "sfw": "yes"
  }
]