[
  {
    "time": "09:28",
    "quote_first": "&ldquo;This clock right?&rdquo; he asked the butler in the hall. &ldquo;Yes, sir.&rdquo; The clock showed ",
    "quote_time_case": "twenty-eight minutes past nine",
    "quote_last": ". &ldquo;The clocks here have to be right, sir,&rdquo; the butler added with pride and a respectful humour, on the stairs.",
    "title": "Lord Raingo",
    "author": "Arnold Bennett",
    "sfw": "yes"
  },
  {
    "time": "09:28",
    "quote_first": "He entered No. 10 for the first time, he who had sat on the Government benches for eight years and who had known the Prime Minister from youth up. &ldquo;This clock right?&rdquo; he asked the butler in the hall. &ldquo;Yes, sir.&rdquo; The clock showed ",
    "quote_time_case": "twenty-eight minutes past nine",
    "quote_last": ". &ldquo;The clocks here have to be right, sir,&rdquo; the butler added with pride and a respectful humour, on the stairs.",
    "title": "Lord Raingo",
    "author": "Arnold Bennett",
    "sfw": "yes"
  }
]