[
  {
    "time": "09:35",
    "quote_first": "Tess looked at her watch and was astounded to see it was only ",
    "quote_time_case": "twenty-five to ten",
    "quote_last": ". It seemed that she had fed Fritzy double rations and left the house four years ago. Maybe five, She thought she heard an approaching engine, then decided she didn’t.",
    "title": "Full Dark, No Stars",
    "author": "Stephen King",
    "sfw": "yes"
  },
  {
    "time": "09:35",
    "quote_first": "",
    "quote_time_case": "Nine-thirty-five",
    "quote_last": ". He really must be gone. The bird is no longer feeding but sitting at the apex of a curl of razor wire.",
    "title": "The Memory of Love",
    "author": "Aminatta Forna",
    "sfw": "yes"
  },
  {
    "time": "09:35",
    "quote_first": "",
    "quote_time_case": "Nine-thirty-five",
    "quote_last": ". He really must be gone. The bird is no longer feeding but sitting at the apex of a curl of razor wire.",
    "title": "The Memory of Love",
    "author": "Aminatta Forna",
    "sfw": "yes"
  }
]