[
  {
    "time": "09:36",
    "quote_first": "I grab a pen and the pad of paper by the phone and start scribbling a list for the day. I have an image of myself moving smoothly from task to task, brush in one hand, duster in the other, bringing order to everything. Like Mary Poppins. 9:30-",
    "quote_time_case": "9:36",
    "quote_last": " Make Geigers' bed 9:36-9:42 Take laundry out of machine and put in dryer 9:42-10:00 Clean bathrooms I get to the end and read it over with a fresh surge of optimism. At this rate I should be done easily by lunchtime. 9:36 Fuck. I cannot make this bed. Why won&rsquo;t this sheet lie flat? 9:42 And why do they make mattresses so heavy?",
    "title": "The Undomestic Goddess",
    "author": "Sophie Kinsella",
    "sfw": "no"
  },
  {
    "time": "09:36",
    "quote_first": "Monday February 6th. &lsquo;",
    "quote_time_case": "9.36am.",
    "quote_last": " Oh god, Oh god. Maybe he&rsquo;s fallen in love in New York and stayed there&rsquo;.",
    "title": "Bridget Jones Diary",
    "author": "Helen Fielding",
    "sfw": "yes"
  }
]