[
  {
    "time": "09:32",
    "quote_first": "He said he couldn&rsquo;t say for certain of course, but that he rather thought he was. Anyhow, if he wasn&rsquo;t the 11.5 for Kingston, he said he was pretty confident he was the ",
    "quote_time_case": "9.32",
    "quote_last": " for Virginia Water, or the 10 a.m. express for the Isle of Wight, or somewhere in that direction, and we should all know when we got there.",
    "title": "Three Men in a Boat",
    "author": "Jerome K Jerome",
    "sfw": "yes"
  },
  {
    "time": "09:32",
    "quote_first": "Sandy barely made the ",
    "quote_time_case": "nine-thirty-two",
    "quote_last": " and found a seat in no-smoking. She&rsquo;d been looking forward to this visit with Lisbeth. They hadn&rsquo;t seen each other in months, not since January, when Sandy had returned from Jamaica. And on that day Sandy was sporting a full-blown herpes virus on her lower lip.",
    "title": "Wifey",
    "author": "Judy Blume",
    "sfw": "yes"
  }
]