[
  {
    "time": "09:47",
    "quote_first": "When I’m hungry again I check Watch but he only says ",
    "quote_time_case": "09:47",
    "quote_last": ". Cartoons are over so I watch football and the planet where people win prizes.",
    "title": "Room",
    "author": "Emma Donoghue",
    "sfw": "yes"
  },
  {
    "time": "09:47",
    "quote_first": "Finally at ",
    "quote_time_case": "9:47",
    "quote_last": ", the call came. Elaine answered, listened for a second, then silently handed me the receiver. “I want you to be my Secretary of State.”",
    "title": "Madam Secretary",
    "author": "Madeleine Albright",
    "sfw": "yes"
  },
  {
    "time": "09:47",
    "quote_first": "Monday February 6th. &lsquo;",
    "quote_time_case": "9.47am.",
    "quote_last": " Or gone to Las Vegas and got married&rsquo;.",
    "title": "Bridget Jones Diary",
    "author": "Helen Fielding",
    "sfw": "yes"
  }
]