[
  {
    "time": "09:45",
    "quote_first": "At ",
    "quote_time_case": "a quarter to ten",
    "quote_last": " on the morning of August 15th, Leandro crossed into the town of Troy. His stomach was tight with anticipation and — let’s face it, folks — a tingle of fear. His skin felt cold.",
    "title": "The Tommyknockers",
    "author": "Stephen King",
    "sfw": "yes"
  },
  {
    "time": "09:45",
    "quote_first": "She looked at the clock on the night table and saw it was ",
    "quote_time_case": "quarter to ten",
    "quote_last": ". She’d slept another two hours. For a moment she was alarmed; maybe she’d suffered a concussion or a fracture after all.",
    "title": "Full Dark, No Stars",
    "author": "Stephen King",
    "sfw": "yes"
  },
  {
    "time": "09:45",
    "quote_first": "“At ",
    "quote_time_case": "twenty-five minutes to ten",
    "quote_last": " he was tapping on the closed door of Blore’s room.<br>The latter opened it cautiously. His hair was tousled and his eyes were still dim with sleep.”",
    "title": "And Then There Were None",
    "author": "Agatha Christie",
    "sfw": "yes"
  },
  {
    "time": "09:45",
    "quote_first": "9.15, 9.30, ",
    "quote_time_case": "9.45",
    "quote_last": ", 10! Bond felt the excitement ball up inside him like cat&rsquo;s fur.",
    "title": "On Her Majesty's Secret Service",
    "author": "Ian Fleming",
    "sfw": "yes"
  }
]