[
  {
    "time": "09:40",
    "quote_first": "Hartmann closed the door of the banqueting hall and stopped to fasten his watch. It was ",
    "quote_time_case": "twenty minutes to ten",
    "quote_last": ". From the office along the corridor came a faint sound of typing; a telephone rang.",
    "title": "Munich",
    "author": "Robert Harris",
    "sfw": "yes"
  },
  {
    "time": "09:40",
    "quote_first": "It comprised all that was required of the servant, from eight in the morning, exactly at which hour Phileas Fogg rose, till half-past eleven, when he left the house for the Reform Club—all the details of service, the tea and toast at twenty-three minutes past eight, the shaving-water at thirty-seven minutes past nine, and the toilet at ",
    "quote_time_case": "twenty minutes before ten",
    "quote_last": ".",
    "title": "Around the World in 80 days",
    "author": "Jules Verne",
    "sfw": "yes"
  },
  {
    "time": "09:40",
    "quote_first": "Must have the phone disconnected. Some contractor keeps calling me up about payment for 50 bags of cement he claims I collected ten days ago. Says he helped me load them onto a truck himself. I did drive Whitby&rsquo;s pick-up into town but only to get some lead screening. What does he think I&rsquo;d do with all that cement? Just the sort of irritating thing you don&rsquo;t expect to hang over your final exit. (Moral: don&rsquo;t try too hard to forget Eniwetok.) Woke ",
    "quote_time_case": "9:40",
    "quote_last": ". To sleep 4:15.",
    "title": "The Voices of Time",
    "author": "JG Ballard",
    "sfw": "yes"
  }
]