[
  {
    "time": "09:55",
    "quote_first": "They were to call for her at her house in the Taurida Gardens at ten o'clock, but it was already ",
    "quote_time_case": "five minutes to ten",
    "quote_last": ", and the girls were not yet dressed.\nNatásha was going to her first grand ball. She had got up at eight that morning and had been in a fever of excitement and activity all day.",
    "title": "War and Peace",
    "author": "Leo Tostoy",
    "sfw": "yes"
  },
  {
    "time": "09:55",
    "quote_first": "At ",
    "quote_time_case": "five to ten",
    "quote_last": " I&rsquo;m ready in the hall. Nathaniel&rsquo;s mother&rsquo;s house is nearby but apparently tricky to find, so the plan is to meet here and he&rsquo;ll walk me over. I check my reflection in the hall mirror and wince. The streak of bleach in my hair is as obvious as ever. Am I really going out in public like this?",
    "title": "The Undomestic Goddess",
    "author": "Sophie Kinsella",
    "sfw": "yes"
  },
  {
    "time": "09:55",
    "quote_first": "Good-morning, Lucien, good-morning, said Albert; &ldquo;your punctuality really alarms me. What do I say? punctuality! You, whom I expected last, you arrive at ",
    "quote_time_case": "five minutes to ten",
    "quote_last": ", when the time fixed was half-past! Has the ministry resigned?&quot;",
    "title": "The Count of Monte Cristo",
    "author": "Alexandre Dumas",
    "sfw": "yes"
  }
]