[
  {
    "time": "09:53",
    "quote_first": "People did not speak to her in such a manner. Her father was a lawyer. It was ",
    "quote_time_case": "seven minutes to ten",
    "quote_last": ".",
    "title": "Carrie",
    "author": "Stephen King",
    "sfw": "yes"
  },
  {
    "time": "09:53",
    "quote_first": "Miss Pettigrew went to the bus-stop to await a bus. She could not afford the fare, but she could still less afford to lose a possible situation by being late. The bus deposited her about five minutes' walk from Onslow Mansions, an at ",
    "quote_time_case": "seven minutes to ten",
    "quote_last": " precisely she was outside her destination.",
    "title": "Miss Pettigrew Lives for a Day",
    "author": "Winifred Watson",
    "sfw": "yes"
  }
]