[
  {
    "time": "09:50",
    "quote_first": "Leaning in your corner like a candidate for wax<br>Sidewalk social scientist don’t get no satisfaction from your cigarette<br>It’s ",
    "quote_time_case": "ten to ten",
    "quote_last": " and time is running out<br>Lock up all your memories, get outa here, you know that we can run<br>Today can last another million years<br>Today could be the end of me<br>It’s 11:59, and I want to stay alive",
    "title": "11:59",
    "author": "Blondie",
    "sfw": "yes"
  },
  {
    "time": "09:50",
    "quote_first": "She reaches Radiance at ",
    "quote_time_case": "ten to ten",
    "quote_last": ", early for once, and lets herself in with her key, and puts on the mauve-and-aqua smock that Shanita designed for them so the customers will know they aren’t customers themselves.",
    "title": "The Robber Bride",
    "author": "Margaret Atwood",
    "sfw": "yes"
  },
  {
    "time": "09:50",
    "quote_first": "",
    "quote_time_case": "Nine o’clock",
    "quote_last": " young residents wearing leather elbows talk to Acutes for fifty minutes about what they did when they were little boys. The Big Nurse is suspicious of the crew-cut looks of these residents, and that fifty minutes they are on the ward is a tough time for her.",
    "title": "One Flew Over the Cuckoo’s Nest",
    "author": "Ken Kesey",
    "sfw": "yes"
  },
  {
    "time": "09:50",
    "quote_first": "Philip Lombard said:<br>“What’s the time now?”<br>“",
    "quote_time_case": "Ten minutes to ten",
    "quote_last": ", sir.”<br>Lombard’s eyebrows rose. He nodded slowly to himself.",
    "title": "And Then There Were None",
    "author": "Agatha Christie",
    "sfw": "yes"
  },
  {
    "time": "09:50",
    "quote_first": "",
    "quote_time_case": "9.50am.",
    "quote_last": " Hmmm. Think will go inspect make-up in case he does come in",
    "title": "Bridget Jones Diary",
    "author": "Helen Fielding",
    "sfw": "yes"
  },
  {
    "time": "09:50",
    "quote_first": "",
    "quote_time_case": "Ten minutes to ten.",
    "quote_last": " &ldquo;I had just time to hide the bottle (after the nurse had left me) when you came into my room.&quot;",
    "title": "The Law and the Lady",
    "author": "Wilkie Collins",
    "sfw": "yes"
  }
]