[
  {
    "time": "10:01",
    "quote_first": "",
    "quote_time_case": "10:01 A.M.",
    "quote_last": "\nGoddamn cataclysmic devastation, pretty much.",
    "title": "Kitchens of the Great Midwest",
    "author": "J. Ryan Stradal",
    "sfw": "yes"
  },
  {
    "time": "10:01",
    "quote_first": "At ",
    "quote_time_case": "about ten o'clock",
    "quote_last": " in the morning the sun threw a bright dust-laden bar through one of the side windows, and in and out of the beam flies shot like rushing stars.&lsquo;",
    "title": "Of Mice And Men",
    "author": "John Steinbeck",
    "sfw": "yes"
  }
]