[
  {
    "time": "10:03",
    "quote_first": "It&rsquo;s ",
    "quote_time_case": "10.03",
    "quote_last": " according to his watch, and he is travelling down through the Scottish highlands to Inverness, tired and ever-so-slightly anxious in case he falls asleep between now and when the train reaches the station, and misses his cue to say to Alice, Drew and Aleesha: &lsquo;OK, this is Inverness, let&rsquo;s move it.&rsquo;",
    "title": "''Vanilla-Bright like Eminem'' from The Farenheit Twins",
    "author": "Michel Faber",
    "sfw": "yes"
  },
  {
    "time": "10:03",
    "quote_first": "The date was the 14th of May and the clock on his desk said the time was twenty three minutes past ten, so he tapped in the numbers 10.23. At least, that&rsquo;s what he meant to do. In fact he typed in the numbers ",
    "quote_time_case": "10.03",
    "quote_last": ".",
    "title": "Ctrl-Z",
    "author": "Andrew Norriss",
    "sfw": "yes"
  }
]