[
  {
    "time": "10:05",
    "quote_first": "We both watch as a pair of swans sail regally under the little bridge. Then I glance at my watch. It&rsquo;s already ",
    "quote_time_case": "five past ten",
    "quote_last": ". ''We should get going,'' I say with a little start. Your mother will be waiting.'' ''There&rsquo;s no rush,'' Nathaniel calls as I hasten down the other side of the bridge. ''We&rsquo;ve got all day.'' He lopes down the bridge. ''It&rsquo;s OK. You can slow down.'' I try to match his relaxed pace. But I&rsquo;m not used to this easy rhythm. I&rsquo;m used to striding along crowded pavements, fighting my way, pushing and elbowing.",
    "title": "The Undomestic Goddess",
    "author": "Sophie Kinsella",
    "sfw": "yes"
  }
]