[
  {
    "time": "10:00",
    "quote_first": "“Shanghai’s clocks were set an hour ahead so the city could ‘save daylight’, but the Bai family said: “We go by the old clock.” ",
    "quote_time_case": "Ten o’clock",
    "quote_last": " to them was eleven to everyone else. Their singing was behind the beat; they couldn’t keep up with the huqin<br>Chinese string instrument producing bleak and desolate sounds] of life.”",
    "title": "Love in a Fallen City",
    "author": "Eileen Chang",
    "sfw": "yes"
  },
  {
    "time": "10:00",
    "quote_first": "“It was at ",
    "quote_time_case": "ten o’clock",
    "quote_last": " to-day that the first of all Time Machines began its career. I gave it a last tap, tried all the screws again, put one more drop of oil on the quartz rod, and sat myself in the saddle. I suppose a suicide who holds a pistol to his skull feels much the same wonder at what will come next as I felt then.”",
    "title": "The Time Machine",
    "author": "H.G. Wells",
    "sfw": "yes"
  },
  {
    "time": "10:00",
    "quote_first": "If he jumps, he thinks, he will plummet, a slow sweep through empty space, a horrible way to die. He feels, momentarily, the heat of the impact, the ghostly wet of his skull collapsing. The illusion of weightlessness gives way. The elevator rebounds shut with a clang.<br>It’s a little after ",
    "quote_time_case": "ten a.m.",
    "quote_last": " on a Saturday.",
    "title": "Real Life",
    "author": "Brandon Taylor",
    "sfw": "yes"
  },
  {
    "time": "10:00",
    "quote_first": "“The ",
    "quote_time_case": "ten-o’ clock",
    "quote_last": " breakfasters began to appear: nervous, little men, morose, preoccupied, who wiped their plates with crusts of bread; rude, massive women who, like primitive idols dug out of the soil, had grown rotten in the years; flowery dandies with repulsive faces, reminding him uncomfortably of illustrations in medical tracts.”",
    "author": "Henry Miller",
    "sfw": "yes"
  },
  {
    "time": "10:00",
    "quote_first": "There are some good things about  living alone. The room is cool, but cool air tones up the skin. One nice thing about her job is that it doesn’t start until ",
    "quote_time_case": "ten",
    "quote_last": ", which gives her a long morning, time to grow slowly into her day.",
    "title": "The Robber Bride",
    "author": "Margaret Atwood",
    "sfw": "yes"
  },
  {
    "time": "10:00",
    "quote_first": "“The short hand is pointing to 10,” says Poppy, “and the big hand is pointing to 12. So it must be ",
    "quote_time_case": "10 o’clock",
    "quote_last": ".” <br>“That’s right,” says Mrs. Boot. “Well done, Poppy.”",
    "title": "Poppy and Sam’s Telling the Time Book",
    "author": "Usborne",
    "sfw": "yes"
  },
  {
    "time": "10:00",
    "quote_first": "At ",
    "quote_time_case": "ten o’clock",
    "quote_last": ", he went to Shinjuku and bought a Fujitsu word processor with his credit card. It was the latest model, far lighter than earlier versions.",
    "title": "1Q84, Book One",
    "author": "Haruki Murakami",
    "sfw": "yes"
  },
  {
    "time": "10:00",
    "quote_first": "It was ",
    "quote_time_case": "ten o’clock",
    "quote_last": ". And now he is dead, and the police will be called in, and I shall be suspected of having had a hand in it. Oh, yes, I am sure I shall. But you don’t think so, gentlemen? Surely you don’t think that it was I? Is it likely that I would have brought you here if it were I? Oh dear! oh dear! I know that I shall go mad!",
    "title": "The Sign of Four",
    "author": "Sir Arthur Conan Doyle",
    "sfw": "yes"
  },
  {
    "time": "10:00",
    "quote_first": "Billy is ready to go early the next morning, but Bucky asks him to wait until ",
    "quote_time_case": "ten o’clock",
    "quote_last": " because he has an errand to run. While he does it, Billy visits the summerhouse one final time. He takes the picture of the hedge animals off the wall and carries it to the end of the path.  He looks out over the gorge for a minute or two, across to the place where the reputedly haunted hotel once stood.",
    "title": "Billy Summers",
    "author": "Stephen King",
    "sfw": "yes"
  },
  {
    "time": "10:00",
    "quote_first": "That first day was a madhouse, all right. I ran the Carolina Spin with Lane until ",
    "quote_time_case": "10 o’clock",
    "quote_last": ", then alone for the next ninety minutes while he rushed around the park putting out opening day fires.",
    "title": "Joyland",
    "author": "Stephen King",
    "sfw": "yes"
  },
  {
    "time": "10:00",
    "quote_first": "At around ",
    "quote_time_case": "ten",
    "quote_last": " every morning, my wife and I would take a cooler down to the beach. We’d lather up with sunblock, then sprawl out on mats on the sand. I’d listen to the Stones or Marvin Gaye on a Walkman, while my wife plowed through a paperback of Gone With the Wind. She claimed that she’d learned a lot about life from that book. I’d never read it, so I had no idea what she meant.",
    "title": "Blind Willow, Sleeping Woman",
    "author": "Haruki Murakami",
    "sfw": "yes"
  },
  {
    "time": "10:00",
    "quote_first": "“My mother in law’s not a bad person. I don’t have any negative feelings toward her. It’s just that she’s the nervous type, and has always relied too much on other people. Do you understand the situation?”<br>“I think so,” I said.<br>She crossed her legs, waiting for me to write something new on my pad. But I didn’t write anything down.<br>“She called us at ",
    "quote_time_case": "ten",
    "quote_last": " one Sunday morning. Two Sundays—ten days—ago.”<br>At ten I turned off the TV, went back to my room, and went to sleep.",
    "title": "Blind Willow, Sleeping Woman",
    "author": "Haruki Murakami",
    "sfw": "yes"
  },
  {
    "time": "10:00",
    "quote_first": "She spent that night in Junpei’s room. They drank wine—a gift from the restaurant—had sex, and went to sleep. When Junpei woke at ",
    "quote_time_case": "ten o’clock",
    "quote_last": " the next morning, she was gone, leaving only an indentation like a missing memory in the pillow next to his, and a note: “I have to go to work. Get in touch with me if you like.” She included her cell phone number.",
    "title": "Blind Willow, Sleeping Woman",
    "author": "Haruki Murakami",
    "sfw": "yes"
  },
  {
    "time": "10:00",
    "quote_first": "A new life opening up for me at the Villa Borghese. Only ",
    "quote_time_case": "ten o’clock",
    "quote_last": " and we have already had breakfast and been out for a walk.",
    "title": "Tropic of Cancer",
    "author": "Henry Miller",
    "sfw": "yes"
  },
  {
    "time": "10:00",
    "quote_first": "Anyway, when he looked at his watch again it was ",
    "quote_time_case": "ten o’clock",
    "quote_last": ". At ten o’clock she was lying on the divan with her boobies in her hands. That’s the way he gives it to me—in driblets.",
    "title": "Tropic of Cancer",
    "author": "Henry Miller",
    "sfw": "yes"
  },
  {
    "time": "10:00",
    "quote_first": "The heat had started in the small hours of the morning, swiftly building up. Around ",
    "quote_time_case": "ten o’clock",
    "quote_last": ", it had fully erupted into being, just after Turks and Greeks on each side of the Green Line had finished their morning coffees.",
    "title": "The Island of Missing Trees",
    "author": "Elif Shafak",
    "sfw": "yes"
  },
  {
    "time": "10:00",
    "quote_first": "By ",
    "quote_time_case": "ten o’clock",
    "quote_last": " she was ravenous. She cooked herself a huge brunch and ate every bite. Then she took her movie back to Blockbuster and asked if they had 𝘒𝘪𝘴𝘴 𝘰𝘧 𝘋𝘦𝘢𝘵𝘩. They didn’t, but after ten minutes of browsing, she settled on a substitute called 𝘓𝘢𝘴𝘵 𝘏𝘰𝘶𝘴𝘦 𝘰𝘯 𝘵𝘩𝘦 𝘓𝘦𝘧𝘵.",
    "title": "Full Dark, No Stars",
    "author": "Stephen King",
    "sfw": "yes"
  },
  {
    "time": "10:00",
    "quote_first": "",
    "quote_time_case": "Ten o’clock",
    "quote_last": " the mail comes up. Sometimes you get the torn envelope&hellip; .",
    "title": "One Flew Over the Cuckoo’s Nest",
    "author": "Ken Kesey",
    "sfw": "yes"
  },
  {
    "time": "10:00",
    "quote_first": "Frodo woke and found himself lying in bed…<br>‘Where am I, and what is the time?’ he said aloud to the ceiling.<br>‘In the House of Elrond, and it is ",
    "quote_time_case": "ten o’clock in the morning",
    "quote_last": ".’ said<br>Gandalf]. ‘It is the morning of October the twenty-fourth, if you want to know.’",
    "title": "The Fellowship of the Ring",
    "author": "J.R.R Tolkien",
    "sfw": "yes"
  },
  {
    "time": "10:00",
    "quote_first": "They brought him back to the ward about ",
    "quote_time_case": "ten in the morning",
    "quote_last": "—&quot;Fulla piss an’ vinegar, buddies; they checked my plugs and cleaned my points, and I got a glow on like a Model T spark coil. Ever use one of those coils around Halloween time? 𝘡𝘢𝘮! Good clean fun.&ldquo;",
    "title": "One Flew Over the Cuckoo’s Nest",
    "author": "Ken Kesey",
    "sfw": "yes"
  },
  {
    "time": "10:00",
    "quote_first": "Hours of sitting and watching, and all she had to report back to the hungry beaks of Ballinacroagh’s ",
    "quote_time_case": "ten o’clock",
    "quote_last": " parishioners was a sinful Benny Corcoran and a bunch of dirty tinkers. It was simply not good enough for a week’s work.",
    "title": "Pomegranate Soup",
    "author": "Marsha Mehran",
    "sfw": "yes"
  },
  {
    "time": "10:00",
    "quote_first": "It was ",
    "quote_time_case": "ten in the morning",
    "quote_last": ", and Lars was just about to make the drive to the old butcher shop to acquire the key ingredient for the surprise when Amy Jo and Wojtek Dragelski’s Mazda 626 pulled into a guest parking space outside.",
    "title": "Kitchens of the Great Midwest",
    "author": "J. Ryan Stradal",
    "sfw": "yes"
  },
  {
    "time": "10:00",
    "quote_first": "They were to call for her at her house in the Taurida Gardens at ",
    "quote_time_case": "ten o’clock",
    "quote_last": ", but it was already five minutes to ten, and the girls were not yet dressed.<br>Natásha was going to her first grand ball. She had got up at eight that morning and had been in a fever of excitement and activity all day.",
    "title": "War and Peace",
    "author": "Leo Tostoy",
    "sfw": "yes"
  },
  {
    "time": "10:00",
    "quote_first": "Meanwhile, the blood of the city’s saints had taken on a whole range of properties hitherto unknown to science. One lady’s was liquefying at precisely ",
    "quote_time_case": "ten o’clock",
    "quote_last": " every Tuesday, while San Giovanni’s bubbled away obligingly whenever it heard Holy Scripture.",
    "title": "The Wedding Officer",
    "author": "by Anthony Capella",
    "sfw": "yes"
  },
  {
    "time": "10:00",
    "quote_first": "––In assaying to put on his regimental coat and waistcoat, my uncle Toby found the same objection in his wig, ––so that went off too: ––So that with one thing and what with another, as always falls out when a man is in the most haste, ––'twas ",
    "quote_time_case": "ten o'clock",
    "quote_last": ", which was half an hour later than his usual time before my uncle Toby sallied out.",
    "title": "Tristram Shandy",
    "author": "Laurence Sterne",
    "sfw": "yes"
  },
  {
    "time": "10:00",
    "quote_first": "’Tis but ",
    "quote_time_case": "an hour ago since it was nine",
    "quote_last": ", And after one hour more ‘twill be eleven.",
    "title": "As You Like It",
    "author": "William Shakespeare",
    "sfw": "yes"
  },
  {
    "time": "10:00",
    "quote_first": "For some seconds the light went on becoming brighter and brighter, and she saw everything more and more clearly and the clock ticked louder and louder until there was a terrific explosion right in her ear. Orlando leapt as if she had been violently struck on the head. ",
    "quote_time_case": "Ten",
    "quote_last": " times she was struck. In fact it was ten o'clock in the morning. It was the eleventh of October. It was 1928. It was the present moment.",
    "title": "Orlando",
    "author": "Virginia Woolf",
    "sfw": "yes"
  },
  {
    "time": "10:00",
    "quote_first": "The trial was irretrievably over; everything that could be said had been said, but he had never doubted that he would lose. The written verdict was handed down at ",
    "quote_time_case": "10:00",
    "quote_last": " on Friday morning, and all that remained was a summing up from the reporters waiting in the corridor outside the district court.",
    "title": "The Girl with the Dragon Tattoo",
    "author": "Stieg Larsson",
    "sfw": "yes"
  },
  {
    "time": "10:00",
    "quote_first": "According to military records no US bombers or any other kind of aircraft were flying over that region at the time, that is around ",
    "quote_time_case": "10 am",
    "quote_last": " on November 7,1944.",
    "title": "Kafka on the shore",
    "author": "Haruki Murakami",
    "sfw": "yes"
  },
  {
    "time": "10:00",
    "quote_first": "At about ",
    "quote_time_case": "ten o'clock",
    "quote_last": " in the morning the sun threw a bright dust-laden bar through one of the side windows, and in and out of the beam flies shot like rushing stars.",
    "title": "Of Mice And Men",
    "author": "John Steinbeck",
    "sfw": "yes"
  },
  {
    "time": "10:00",
    "quote_first": "I went to bed and the next thing I knew I was awake again and it was getting on for ",
    "quote_time_case": "ten o' clock",
    "quote_last": " in the morning. Ring, ring, said the telephone, ring, ring.",
    "title": "The Medusa Frequency",
    "author": "Russell Hoban",
    "sfw": "yes"
  },
  {
    "time": "10:00",
    "quote_first": "If Wednesday should ever come! It did come, and exactly when it might be reasonably looked for. It came - it was fine - and Catherine trod on air. By ",
    "quote_time_case": "ten o'clock",
    "quote_last": ", the chaise and four conveyed the two from the abbey; and, after an agreeable drive of almost twenty miles, they entered Woodston, a large and populous village, in a situation not unpleasant.",
    "title": "Northanger Abbey",
    "author": "Jane Austen",
    "sfw": "yes"
  },
  {
    "time": "10:00",
    "quote_first": "King Richard: Well, but what&rsquo;s o'clock? Buckingham: Upon the stroke of ",
    "quote_time_case": "ten",
    "quote_last": ".",
    "title": "Richard III",
    "author": "William Shakespeare",
    "sfw": "yes"
  },
  {
    "time": "10:00",
    "quote_first": "Monday 30 March 1668 Up betimes, and so to the office, there to do business till about ",
    "quote_time_case": "10 o’clock",
    "quote_last": "",
    "title": "The Diary of Samuel Pepys",
    "author": "Samuel Pepys",
    "sfw": "yes"
  },
  {
    "time": "10:00",
    "quote_first": "On July 25th, 8:30 a.m. the bitch Novaya dies whelping. At ",
    "quote_time_case": "10 o'clock",
    "quote_last": " she is lowered into her cool grave, at 7:30 that same evening we see our first floes and greet them wishing they were the last.",
    "title": "The Terrors of Ice and Darkness",
    "author": "Christoph Ransmayr",
    "sfw": "yes"
  },
  {
    "time": "10:00",
    "quote_first": "The pundit sighed. &lsquo;Only a fool like me would leave his door open when a riot can occur at any moment, and only a fool like me would say yes to you,&rsquo; he said. &lsquo;What time?&rsquo; Just his head was sticking out of the partially opened door. The money from blessing the ice-cream factory must have dulled his desire for work, I thought. &lsquo;Ten.&rsquo; &lsquo;",
    "quote_time_case": "Ten-thirty",
    "quote_last": ".&rsquo; Without another word, he closed the door.",
    "title": "An Obedient Father",
    "author": "Akhil Sharma",
    "sfw": "yes"
  },
  {
    "time": "10:00",
    "quote_first": "The Saturday immediately preceding the examinations was a very busy day for Kennedy. At ",
    "quote_time_case": "ten o' clock",
    "quote_last": " he was entering Willey&rsquo;s room; the latter had given him a key and left the room vacant by previous arrangement - in fact he had taken Olivia on another house hunting trip.",
    "title": "The Greeks have a word for it",
    "author": "Barry Unsworth",
    "sfw": "yes"
  },
  {
    "time": "10:00",
    "quote_first": "The summer holidays were near at hand when I made up my mind to break out of the weariness of school-life for one day at least. With Leo Dillon and a boy named Mahoney I planned a day&rsquo;s mitching. Each of us saved up sixpence. We were to meet ",
    "quote_time_case": "at ten",
    "quote_last": " in the morning on the Canal Bridge.",
    "title": "Dubliners",
    "author": "James Joyce",
    "sfw": "yes"
  },
  {
    "time": "10:00",
    "quote_first": "The written verdict was handed down at ",
    "quote_time_case": "10:00",
    "quote_last": " on Friday morning, and allthat remained was a summing up from the reporters waiting in the corridor outside the district court.",
    "title": "The girl with the dragon tattoo",
    "author": "Stieg Larsson",
    "sfw": "yes"
  }
]