[
  {
    "time": "10:14",
    "quote_first": "''Okay. ",
    "quote_time_case": "Ten fourteen",
    "quote_last": ": Mrs. Narada reports that her cat has been attacked by a large dog. Now I send all the boys out looking, but they don&rsquo;t find anything until eleven. Then one of them calls in that a big dog has just bitten holes in the tires on his golf cart and run off. Eleven thirty: Dr. Epstein makes his first lost-nap call: dog howling. Eleven thirty-five: Mrs. Norcross is putting the kids out on the deck for some burgers when a big dog jumps over the rail, eats the burgers, growls at the kids, runs off. First mention of lawsuit.''",
    "title": "Coyote Blue",
    "author": "Christopher Moore",
    "sfw": "yes"
  }
]