[
  {
    "time": "10:15",
    "quote_first": "Domino two had me standing sentinel in Mr. Meek’s room watching through the crack in the door. Due to his advanced state of decay, our loyal boiler room mascot wasn’t in on the great escape, but his room was opposite mine, and he understood “Shush!” At ",
    "quote_time_case": "a quarter past ten",
    "quote_last": " Ernie went to Reception to announce my death to Nurse Noakes.",
    "title": "Cloud Atlas",
    "author": "David Mitchell",
    "sfw": "yes"
  },
  {
    "time": "10:15",
    "quote_first": "When she finally struggled awake—headachey, miserable, feeling hungover—the other half of the bed was empty. Bob had turned his clock back around, and she saw it was ",
    "quote_time_case": "quarter past ten",
    "quote_last": ". It was the latest she’d slept in years, but of course she hadn’t dropped off until first light, and such sleep as she’d gotten was populated with horrors.",
    "title": "Full Dark, No Stars",
    "author": "Stephen King",
    "sfw": "yes"
  },
  {
    "time": "10:15",
    "quote_first": "At ",
    "quote_time_case": "10.15",
    "quote_last": " Arlena departed from her rondezvous, a minute or two later Patrick Redfern came down and registered surprise, annoyance, etc. Christine&rsquo;s task was easy enough. Keeping her own watch concealed she asked she asked Linda at twenty-five past eleven what time it was. Linda looked at her watch and replied that it was a quarter to twelve.",
    "title": "Evil under the sun",
    "author": "Agatha Christie",
    "sfw": "yes"
  }
]