[
  {
    "time": "10:10",
    "quote_first": "",
    "quote_time_case": "10:10 A.M.",
    "quote_last": "<br>To Braque, the Humanities dorm was like an icicle up the glory hole. She’d put it down as her fifth choice of five. Only after getting to school did she learn that anyone who’d put it down as 𝘢𝘯𝘺 choice got stuck there.",
    "title": "Kitchens of the Great Midwest",
    "author": "J. Ryan Stradal",
    "sfw": "yes"
  },
  {
    "time": "10:10",
    "quote_first": "",
    "quote_time_case": "10:10",
    "quote_last": " Shot is fired.",
    "title": "The Hollow Man",
    "author": "John Dickson Carr",
    "sfw": "yes"
  },
  {
    "time": "10:10",
    "quote_first": "Saturday morning was bright and sunny, and at ",
    "quote_time_case": "ten minutes past 10",
    "quote_last": " Donald arrived at the Embankment entrance of Charing Cross Underground Station, carrying a small suitcase full of clothes suitable for outdoor sports and pastimes.",
    "title": "England, Their England",
    "author": "AG Macdonell",
    "sfw": "yes"
  }
]