[
  {
    "time": "10:17",
    "quote_first": "She looked at the corner of the screen. It was only ",
    "quote_time_case": "10.17am",
    "quote_last": ". She'd been at her desk for forty-seven minutes exactly.",
    "title": "New York Valentine",
    "author": "Carmen Reid",
    "sfw": "yes"
  },
  {
    "time": "10:17",
    "quote_first": "&ldquo;By the bye,&rdquo; said the first, &ldquo;I was able this morning to telegraph the very words of the order to my cousin at ",
    "quote_time_case": "seventeen minutes past ten",
    "quote_last": ".&rdquo; &ldquo;And I sent it to the Daily Telegraph at thirteen minutes past ten.&quot;n &quot;Bravo, Mr. Blount!&rdquo; &ldquo;Very good, M. Jolivet.&rdquo; &ldquo;I will try and match that!&quot;",
    "title": "Michel Strogoff",
    "author": "Jules Verne",
    "sfw": "yes"
  }
]