[
  {
    "time": "10:12",
    "quote_first": "“I&rsquo;ll take the coffee tray out,” I suggest humbly. As I pick it up I glance again at my watch. ",
    "quote_time_case": "Ten twelve",
    "quote_last": ". I wonder if they&rsquo;ve started the meeting.",
    "title": "The Undomestic Goddess",
    "author": "Sophie Kinsella",
    "sfw": "yes"
  },
  {
    "time": "10:12",
    "quote_first": "He stood up once, early on, to lock his office door, and then he was reading the last page, and it was exactly ",
    "quote_time_case": "10:12 a.m.",
    "quote_last": ", and the sun beating on his office windows was a different sun from the one he&rsquo;d always known.",
    "title": "Freedom",
    "author": "Jonathan Franzen",
    "sfw": "yes"
  }
]