[
  {
    "time": "10:11",
    "quote_first": "Through the curtained windows of the furnished apartment which Mrs. Horace Hignett had rented for her stay in New York rays of golden sunlight peeped in like the foremost spies of some advancing army. It was a fine summer morning. The hands of the Dutch clock in the hall pointed to thirteen minutes past nine; those of the ormolu clock in the sitting-room to ",
    "quote_time_case": "eleven minutes past ten",
    "quote_last": "; those of the carriage clock on the bookshelf to fourteen minutes to six. In other words, it was exactly eight; and Mrs. Hignett acknowledged the fact by moving her head on the pillow, opening her eyes, and sitting up in bed. She always woke at eight precisely.",
    "title": "Three Men and a Maid",
    "author": "P.G. Wodehouse",
    "sfw": "yes"
  }
]