[
  {
    "time": "10:25",
    "quote_first": "",
    "quote_time_case": "10:25",
    "quote_last": ": Phone call from Lüding, very worked up, urging me to return at once and get in touch with Alois, who was equally worked up.",
    "title": "The Lost Honour of Katharina Blum",
    "author": "Heinrich Böll",
    "sfw": "yes"
  },
  {
    "time": "10:25",
    "quote_first": "One meal is enough now, topped up with a glucose shot. Sleep is still &lsquo;black&rsquo;, completely unrefreshing. Last night I took a 16 mm. film of the first three hours, screened it this morning at the lab. The first true-horror movie. I looked like a half-animated corpse. Woke ",
    "quote_time_case": "10:25",
    "quote_last": ". To sleep 3:45.",
    "title": "The Voices of Time",
    "author": "JG Ballard",
    "sfw": "yes"
  }
]