[
  {
    "time": "10:29",
    "quote_first": "Even when I had to say something, the right words just wouldn’t come out. And every time I hesitated, every time I swallowed back something I was about to say, my cousin looked at me with a slightly confused look on his face. His left ear tilted ever so slightly toward me. <br>“What time is it now?” he asked me.<br>“",
    "quote_time_case": "Ten twenty nine",
    "quote_last": ",” I replied.",
    "title": "Blind Willow, Sleeping Woman",
    "author": "Haruki Murakami",
    "sfw": "yes"
  }
]