[
  {
    "time": "10:26",
    "quote_first": "",
    "quote_time_case": "10:26",
    "quote_last": " No. Please, no. I can hardly bear to look. It&rsquo;s a total disaster. Everything in the washing machine has gone pink. Every single thing. What happened? With trembling fingers I pick out a damp cashmere cardigan. It was a cream when I put it in. It&rsquo;s now a sickly shade of candy floss. I knew K3 was bad news. I knew it -",
    "title": "The Undomestic Goddess",
    "author": "Sophie Kinsella",
    "sfw": "yes"
  },
  {
    "time": "10:26",
    "quote_first": "In the exact centre of my visual field was the alarm clock, hands pointing to ",
    "quote_time_case": "ten-twenty-six",
    "quote_last": ". An alarm clock I received as a memento of somebody&rsquo;s wedding.",
    "title": "Hard-boiled Wonderland and The End of the World",
    "author": "Haruki Murakami",
    "sfw": "yes"
  }
]