[
  {
    "time": "10:20",
    "quote_first": "When I closed my eyes, the scent of the wind wafted up toward me. A May wind, swelling up like a piece of fruit, with a rough outer skin, slimy flesh, dozens of seeds. The flesh split open in midair, spraying seeds like gentle buckshot into the bare skin of my arms, leaving behind a faint trace of pain.\n''What time is it?'' my cousin asked me. About eight inches shorter than me, he had to look up when he talked.\nI glanced at my watch. ''",
    "quote_time_case": "Ten twenty",
    "quote_last": ".''",
    "title": "Blind Willow, Sleeping Woman",
    "author": "Haruki Murakami",
    "sfw": "yes"
  },
  {
    "time": "10:20",
    "quote_first": "How much is the clock fast now? His mother straightened the battered alarm clock that was lying on its side in the middle of the mantelpiece until its dial showed a quarter to twelve and then laid it once more on its side. An hour and twenty-five minutes, she said. The right time now is ",
    "quote_time_case": "twenty past ten",
    "quote_last": ".",
    "title": "A Portrait of the Artist as a Young Man",
    "author": "James Joyce",
    "sfw": "yes"
  }
]