[
  {
    "time": "10:32",
    "quote_first": "It was ",
    "quote_time_case": "ten thirty-two",
    "quote_last": " when the bus finally rolled into view.<br>The bus that came was a new type, not like the one I used to take to high school.",
    "title": "Blind Willow, Sleeping Woman",
    "author": "Haruki Murakami",
    "sfw": "yes"
  },
  {
    "time": "10:32",
    "quote_first": "&ldquo;If you please. You went to bed at what time, Madame?&rdquo; &ldquo;",
    "quote_time_case": "Just after half past ten.",
    "quote_last": "&quot;",
    "title": "Death on the Nile",
    "author": "Agatha Christie",
    "sfw": "yes"
  }
]