[
  {
    "time": "10:30",
    "quote_first": "He checked on Anderson and saw she was still sleeping like a stone. Gardener had decided to wake Bobbi up by ",
    "quote_time_case": "ten-thirty",
    "quote_last": " if she hadn't awakened on her own.",
    "title": "The Tommyknockers",
    "author": "Stephen King",
    "sfw": "yes"
  },
  {
    "time": "10:30",
    "quote_first": "Still, despite her endless consternation, for the third night in a row she slipped out at ",
    "quote_time_case": "half past ten",
    "quote_last": " and made her way to the edge of the estate, where Aleandro would wait for her near an abandoned wine cellar, which had become their meeting place.",
    "title": "When the Summer Was Ours",
    "author": "Roxanne Veletzos",
    "sfw": "yes"
  },
  {
    "time": "10:30",
    "quote_first": "''So be it, then,'' replied the count; and extending his hand towards a calendar suspended near the chimney piece, he said, ''today is the 21st of February'', and drawing out his watch, added, ''it is exactly half past 10 o'clock. Now promise me to remember this, and expect me on the 21st of May at ",
    "quote_time_case": "half past 10 in the forenoon",
    "quote_last": ".''",
    "title": "The Count of Monte Cristo",
    "author": "Alexandre Dumas",
    "sfw": "yes"
  },
  {
    "time": "10:30",
    "quote_first": "''So be it, then,'' replied the count; and extending his hand towards a calendar suspended near the chimney piece, he said, ''today is the 21st of February'', and drawing out his watch, added, ''it is ",
    "quote_time_case": "exactly half past 10 o'clock",
    "quote_last": ". Now promise me to remember this, and expect me on the 21st of May at half past 10 in the forenoon.''",
    "title": "The Count of Monte Cristo",
    "author": "Alexandre Dumas",
    "sfw": "yes"
  },
  {
    "time": "10:30",
    "quote_first": "At ",
    "quote_time_case": "ten thirty",
    "quote_last": ", Kendra found herself on the couch again, this time with Christy. She felt uncomfortable sitting next to her, especially after the barrage of hate her coworkers had thrown at the blonde, but Christy seemed unusually approachable right then, all smiles and laughs and easy-flowing gestures.",
    "title": "Reprieve",
    "author": "James Han Mattson",
    "sfw": "yes"
  },
  {
    "time": "10:30",
    "quote_first": "",
    "quote_time_case": "10.30 a.m.",
    "quote_last": " Break",
    "title": "The Curious Incident of the Dog in the Night-time",
    "author": "Mark Haddon",
    "sfw": "yes"
  },
  {
    "time": "10:30",
    "quote_first": "according to the clock on the wall, it is barely ",
    "quote_time_case": "ten thirty",
    "quote_last": ".",
    "title": "The Hours",
    "author": "Michael Cunningham",
    "sfw": "yes"
  },
  {
    "time": "10:30",
    "quote_first": "At ",
    "quote_time_case": "ten-thirty",
    "quote_last": " I&rsquo;m cleaned up, shaved and dressed in my Easter best - a two-piece seersucker Palm Beach I&rsquo;ve had since college.",
    "title": "The Sportswriter",
    "author": "Richard Ford",
    "sfw": "yes"
  }
]