[
  {
    "time": "10:48",
    "quote_first": "Alex is. Well, Alex is probably losing his mind. It’s ",
    "quote_time_case": "10:48",
    "quote_last": ". He’s pacing. He threw his jacket and tie over the back of the chair as soon as he returned to his room, and he’s got the first two buttons of his dress shirt undone. His hands are twisted up in his hair. This is fine. It’s fine. It’s definitely a terrible idea. But it’s fine.",
    "title": "Red, White and Royal Blue",
    "author": "Casey McQuinston",
    "sfw": "yes"
  },
  {
    "time": "10:48",
    "quote_first": "At ",
    "quote_time_case": "10.48am",
    "quote_last": ", I closed my folder but didn&rsquo;t bother putting it back in my bag, so you knew I was on my way to a committee or meeting room nearby. Before I stood up, I folded my paper napkin and put it and the spoon into my coffee cup, a neat sort of person, you thought.",
    "title": "Apple Tree Yard",
    "author": "Louise Doughty",
    "sfw": "yes"
  }
]