[
  {
    "time": "10:40",
    "quote_first": "When fifteen minutes have passed and the bogus DPW truck hasn't returned, Billy decides they have either moved on to another part of the city, maybe to check out the house on Evergreen Street, or have gone back to the McMansion to await further orders from Nick. He closes the curtain, shutting out the view, and looks at his watch. ",
    "quote_time_case": "It's twenty to eleven",
    "quote_last": ". How time flies when you're having fun, he thinks.",
    "title": "Billy Summers",
    "author": "Stephen King",
    "sfw": "yes"
  },
  {
    "time": "10:40",
    "quote_first": "",
    "quote_time_case": "10:40",
    "quote_last": ": Call from Katharina asking me whether I had really said what was in the News.",
    "title": "The Lost Honour of Katharina Blum",
    "author": "Heinrich Böll",
    "sfw": "yes"
  }
]