[
  {
    "time": "10:55",
    "quote_first": "''She sat down facing the empty desk, smiled at it in a way she hoped showed competence and intelligence, then sighed and slumped back and checked her watch. The interview was for eleven o'clock. It was ",
    "quote_time_case": "10:55",
    "quote_last": ".''",
    "title": "The Grammarians: A Novel",
    "author": "Cathleen Schine",
    "sfw": "yes"
  },
  {
    "time": "10:55",
    "quote_first": "The clock was still saying ",
    "quote_time_case": "five minutes to eleven",
    "quote_last": " when Pooh and Piglet set out on their way half an hour later.",
    "title": "The House at Pooh Corner",
    "author": "AA Milne",
    "sfw": "yes"
  }
]