[
  {
    "time": "10:53",
    "quote_first": "He begins to make a record of our observations.&lsquo;",
    "quote_time_case": "10.53 hrs",
    "quote_last": ",&rsquo; he writes, as we crouch at the top of the stairs, listening to his mother in the hall below.",
    "title": "Spies",
    "author": "Michael Frayn",
    "sfw": "yes"
  },
  {
    "time": "10:53",
    "quote_first": "I gaze and gaze again at that face, which seems to me both strange and familiar, said Austerlitz, I run the tape back repeatedly, looking at the time indicator in the top left-hand corner of the screen, where the figures covering part of her forehead show the minutes and seconds, from ",
    "quote_time_case": "10:53",
    "quote_last": " to 10:57, while the hundredths of a second flash by so fast that you cannot read and capture them.",
    "title": "Austerlitz",
    "author": "W.G. Sebald",
    "sfw": "yes"
  }
]