[
  {
    "time": "10:50",
    "quote_first": "",
    "quote_time_case": "10.50 a.m.",
    "quote_last": " Art class with Mrs Peters",
    "title": "The Curious Incident of the Dog in the Night-time",
    "author": "Mark Haddon",
    "sfw": "yes"
  },
  {
    "time": "10:50",
    "quote_first": "As he walked back to the flight office, airmen were forming a line to await the arrival of the NAAFI van with morning tea and cakes. Lambert looked at his watch; it was ",
    "quote_time_case": "ten to eleven",
    "quote_last": ".",
    "title": "Bomber",
    "author": "Len Deighton",
    "sfw": "yes"
  }
]