[
  {
    "time": "11:05",
    "quote_first": "July 3: 5 &frac34; hours. Little done today. Deepening lethargy, dragged myself over to the lab, nearly left the road twice. Concentrated enough to feed the zoo and get the log up to date. Read through the operating manuals Whitby left for the last time, decided on a delivery rate of 40 rontgens/min., target distance of 530 cm. Everything is ready now. Woke ",
    "quote_time_case": "11:05",
    "quote_last": ". To sleep 3:15.",
    "title": "The Voices of Time",
    "author": "JG Ballard",
    "sfw": "yes"
  },
  {
    "time": "11:05",
    "quote_first": "Sansom arrived in a Town Car at ",
    "quote_time_case": "five past eleven",
    "quote_last": ". Local plates, which meant he had ridden up most of the way on the train. Less convenient for him, but a smaller carbon footprint than driving all the way, or flying. Every detail mattered, in a campaign.",
    "title": "Gone Tomorrow",
    "author": "Lee Child",
    "sfw": "yes"
  }
]