[
  {
    "time": "11:03",
    "quote_first": "&ldquo;What makes you think it&rsquo;s for real?&rdquo; &ldquo;Just a hunch, really. He sounded for real. Sometimes you can just tell about people&rdquo;-he smiled-&ldquo;even if you&rsquo;re a dull old WASP.&rdquo; &ldquo;I think it&rsquo;s a setup.&rdquo; &ldquo;Why?&rdquo; &ldquo;I just do. Why would someone from the government want to help you?&rdquo; &ldquo;Good question. Guess I&rsquo;ll find out.&rdquo; She went back into the kitchen.&ldquo;What time are you meeting him?&rdquo; she called out. &ldquo;",
    "quote_time_case": "Eleven oh-three",
    "quote_last": ",&rdquo; he said. &ldquo;That made me think he&rsquo;s for real. Military and intelligence types set precise appointment times to eliminate confusion and ambiguity. Nothing ambiguous about eleven oh-three.&quot;",
    "title": "Little Green Men",
    "author": "Christopher Buckley",
    "sfw": "yes"
  },
  {
    "time": "11:03",
    "quote_first": "On the fourth, at ",
    "quote_time_case": "11.03am",
    "quote_last": ", the editor of the Yidische Zaitung put in a call to him; Doctor Yarmolinsky did not answer. He was found in his room, his face already a little dark, nearly nude beneath a large, anachronistic cape.",
    "title": "Death and the Compass",
    "author": "Jorge Luis Borges",
    "sfw": "yes"
  }
]