[
  {
    "time": "11:17",
    "quote_first": "Mrs. Mooney glanced instinctively at the little gilt clock on the mantelpiece as soon as she had become aware through her revery that the bells of George&rsquo;s Church had stopped ringing. It was ",
    "quote_time_case": "seventeen minutes past eleven",
    "quote_last": ": she would have lots of time to have the matter out with Mr. Doran and then catch short twelve at Marlborough Street. She was sure she would win.",
    "title": "Dubliners",
    "author": "James Joyce",
    "sfw": "yes"
  }
]