[
  {
    "time": "11:10",
    "quote_first": "She backed down the driveway, checked for traffic, and turned toward the turnpike. ",
    "quote_time_case": "Ten past eleven",
    "quote_last": ". Plenty of time.<br>That’s what she thought then.",
    "title": "If it Bleeds",
    "author": "Stephen King",
    "sfw": "yes"
  },
  {
    "time": "11:10",
    "quote_first": "",
    "quote_time_case": "Ten minutes after eleven",
    "quote_last": " in Archie McCue&rsquo;s room on the third floor of the extension to the Robert Matthews' soaring sixties' tower - The Queen&rsquo;s Tower, although no queen was ever likely to live in it.",
    "title": "Emotionally Weird",
    "author": "Kate Atkinson",
    "sfw": "yes"
  }
]