[
  {
    "time": "11:12",
    "quote_first": "",
    "quote_time_case": "11:12",
    "quote_last": " I have a solution, via the local paper. A girl from the village will collect it, iron it all overnight at £3 a shirt, and sew on Eddie&rsquo;s button.",
    "title": "The Undomestic Goddess",
    "author": "Sophie Kinsella",
    "sfw": "yes"
  },
  {
    "time": "11:12",
    "quote_first": "I squinted down the street at the bank clock: ",
    "quote_time_case": "11:12",
    "quote_last": ", 87 degrees. &ldquo;It&rsquo;s only a block and a half and it&rsquo;s not that hot, Daddy. The walk will do you good.&rdquo; This conversation made me breathless, as if I were wearing a girdle with tight stays.",
    "title": "A Thousand Acres",
    "author": "Jane Smiley",
    "sfw": "yes"
  }
]