[
  {
    "time": "11:20",
    "quote_first": "On Friday 17 September at ",
    "quote_time_case": "11.20am",
    "quote_last": ", my life changed forever. I was standing in the master bedroom of a house in Mosman, staring at the queen-sized bed and deciding whether to dress it in neutral colours or go lavish with a silver-beaded throw, when my mobile phone rang, giving me a start.",
    "title": "Southern Ruby",
    "author": "Belinda Alexandra",
    "sfw": "yes"
  },
  {
    "time": "11:20",
    "quote_first": "OFFICER&rsquo;S NOTES Disruption alert logged ",
    "quote_time_case": "11h20",
    "quote_last": " from Stones' Pool Hall (Premises ID 33CBD-Long181). Officer and Aito /379 responded. On arrival found subject shouting threats and acting in aggressive manner. A scan of the subject&rsquo;s SIM ID register revealed that the subject has recent priors including previous public disruptions and a juvenile record.",
    "title": "Moxyland",
    "author": "Lauren Beukes",
    "sfw": "yes"
  },
  {
    "time": "11:20",
    "quote_first": "Sweeney pointed to the clock above the bar, held in the massive and indifferent jaws of a stuffed alligator head. The time was ",
    "quote_time_case": "11.20",
    "quote_last": ".",
    "title": "American Gods",
    "author": "Neil Gaiman",
    "sfw": "yes"
  }
]