[
  {
    "time": "11:25",
    "quote_first": "At 10.15 Arlena departed from her rondezvous, a minute or two later Patrick Redfern came down and registered surprise, annoyance, etc. Christine&rsquo;s task was easy enough. Keeping her own watch concealed she asked Linda at ",
    "quote_time_case": "twenty-five past eleven",
    "quote_last": " what time it was. Linda looked at her watch and replied that it was a quarter to twelve.",
    "title": "Evil under the Sun",
    "author": "Agatha Christie",
    "sfw": "yes"
  },
  {
    "time": "11:25",
    "quote_first": "When, at about ",
    "quote_time_case": "11.25am",
    "quote_last": ", Katharina Blum was finally taken from her apartment for questioning, it was decided not to handcuff her at all.",
    "title": "The Lost Honour of Katharina Blum",
    "author": "Heinrich Böll",
    "sfw": "yes"
  }
]