[
  {
    "time": "11:35",
    "quote_first": "This was exactly the kind of case I’d been hoping for. I went through the motions of checking my schedule, though, and pretended to be shuffling a few things around. If you instantly agree to take a case, the client might suspect some ulterior motive.<br>“Luckily I’m free until later this afternoon,” I said, shooting my watch a glance. It was ",
    "quote_time_case": "eleven thirty-five",
    "quote_last": ". “If you don’t mind, could you take me over to your building now? I’d like to see the last place you saw your husband.”",
    "title": "Blind Willow, Sleeping Woman",
    "author": "Haruki Murakami",
    "sfw": "yes"
  },
  {
    "time": "11:35",
    "quote_first": "The Prime Minister’s plane came to a stop at Oberweisenfeld airport at ",
    "quote_time_case": "11.35 a.m.",
    "quote_last": " The engines whined and died. Inside the cabin, after three hours of flight the silence was a noise in itself.",
    "title": "Munich",
    "author": "Robert Harris",
    "sfw": "yes"
  },
  {
    "time": "11:35",
    "quote_first": "At ",
    "quote_time_case": "11.35",
    "quote_last": " the Colonel came out; he looked hot and angry as he strode towards the lift. There goes a hanging judge, thought Wormold.",
    "title": "Our Man in Havana",
    "author": "Graham Greene",
    "sfw": "yes"
  }
]