[
  {
    "time": "11:30",
    "quote_first": "Five minutes later another truck pulls up behind the first. On the side of this one is a grinning cartoon boy woofing down a double cheeseburger. At ",
    "quote_time_case": "eleven-thirty",
    "quote_last": ", while people are lined up for burgers and fries and tacos and enchiladas, a hotdog wagon appears.",
    "title": "Billy Summers",
    "author": "Stephen King",
    "sfw": "yes"
  },
  {
    "time": "11:30",
    "quote_first": "I woke up in a panic, not screaming, just a groan from deep in my throat. I'd dozed off in the hard plastic chair by the window. The clock above the door showed ",
    "quote_time_case": "11:30",
    "quote_last": " and the ICU was dead silent. Adrenaline supply not yet depleted, I staggered to my feet.",
    "title": "Echo",
    "author": "Thomas Olde Heuvelt",
    "sfw": "yes"
  },
  {
    "time": "11:30",
    "quote_first": "And so it was that around ",
    "quote_time_case": "half past eleven",
    "quote_last": ", I found myself riding down to the Village on the Fifth Avenue bus with the street address of Hobart and Blackwell in my pocket, written on a page from one of the monogrammed notepads Mrs Barbour kept by the telephone.",
    "title": "The Goldfinch",
    "author": "Donna Tartt",
    "sfw": "yes"
  },
  {
    "time": "11:30",
    "quote_first": "''The extraordinary thing is,'' he told Livia at ",
    "quote_time_case": "eleven-thirty",
    "quote_last": ", ''you seem to be the only applicant. Or at least, the only one who's showed up.''",
    "title": "The Wedding Officer",
    "author": "by Anthony Capella",
    "sfw": "yes"
  },
  {
    "time": "11:30",
    "quote_first": "&lsquo;It is now ",
    "quote_time_case": "11.30",
    "quote_last": ". The door to this room is shut, and will remain shut, barring emergencies, until 12.00. I am authorised to inform you that we are now under battle orders.",
    "title": "Singularity Sky",
    "author": "Charles Stross",
    "sfw": "yes"
  },
  {
    "time": "11:30",
    "quote_first": "&ldquo;O, Frank - I made a mistake! - I thought that church with the spire was All Saints', and I was at the door at ",
    "quote_time_case": "half-past eleven",
    "quote_last": " to a minute as you said&hellip;&quot;",
    "title": "Far from the madding crowd",
    "author": "Thomas Hardy",
    "sfw": "yes"
  },
  {
    "time": "11:30",
    "quote_first": "&ldquo;Thank-you,&rdquo; said C.B. quietly; but as he hung up his face was grim. In a few minutes he would have to break it to John that, although they had braved such dredful perils dring the earlier part of the night they had, after all, failed to save Christina. Beddows had abjured Satan at a little after ",
    "quote_time_case": "half-past eleven",
    "quote_last": ". By about eighteen minutes the Canon had beaten them to it again.&ldquo;",
    "title": "To the Devil a Daughter",
    "author": "Dennis Wheatley",
    "sfw": "yes"
  },
  {
    "time": "11:30",
    "quote_first": "This time it was Kumiko. The wall clock said ",
    "quote_time_case": "11.30",
    "quote_last": ".",
    "title": "The Wind-up Bird Chronicle",
    "author": "Haruki Murakami",
    "sfw": "yes"
  }
]