[
  {
    "time": "11:40",
    "quote_first": "Did escape occur to him? … But the door was locked, and the window heavily barred with iron rods. He sat down again, and drew his journal from his pocket. On the line where these words were written, &ldquo;21st December, Saturday, Liverpool,&rdquo; he added, &ldquo;80th day, ",
    "quote_time_case": "11.40am",
    "quote_last": ",&rdquo; and waited.",
    "title": "Around the World in Eighty Days",
    "author": "Jules Verne",
    "sfw": "yes"
  },
  {
    "time": "11:40",
    "quote_first": "During the sessions at Ito he read the Lotus Sutra on mornings of play, and he now seemed to be bringing himself to order through silent meditation. Then, quickly, there came a rap of stone on board. It was ",
    "quote_time_case": "twenty minutes before noon",
    "quote_last": ".",
    "title": "The Master of Go",
    "author": "Yusunari Kawabata",
    "sfw": "yes"
  }
]