[
  {
    "time": "11:47",
    "quote_first": "It was a vast plain with no one on it, neither living on the earth nor dead beneath it; and I walked a long time beneath a colourless sky, which didn&rsquo;t let me judge the time (my watch, set like all military watches to Berlin time, hadn&rsquo;t stood up to the swim and showed an eternal ",
    "quote_time_case": "thirteen minutes to noon",
    "quote_last": ").",
    "title": "The Kindly Ones",
    "author": "Jonathan Littell",
    "sfw": "yes"
  }
]