[
  {
    "time": "11:46",
    "quote_first": "At 10.15 Arlena departed from her rondezvous, a minute or two later Patrick Redfern came down and registered surprise, annoyance, etc. Christine&rsquo;s task was easy enough. Keeping her own watch concealed she asked Linda at twenty-five past eleven what time it was. Linda looked at her watch and replied that it was a ",
    "quote_time_case": "quarter to twelve",
    "quote_last": ".",
    "title": "Evil under the Sun",
    "author": "Agatha Christie",
    "sfw": "yes"
  }
]