[
  {
    "time": "11:42",
    "quote_first": "The front door opens. Her heart pounds. She looks at the time on the bottom right of her screen. ",
    "quote_time_case": "11.42",
    "quote_last": ".",
    "title": "The Woman Downstairs",
    "author": "Elisabeth Carpenter",
    "sfw": "yes"
  },
  {
    "time": "11:42",
    "quote_first": "",
    "quote_time_case": "11:42",
    "quote_last": " I&rsquo;m doing fine. I&rsquo;m doing well. I&rsquo;ve got the Hoover on, I&rsquo;m cruising along nicely- What was that? What just went up the Hoover? Why is it making that grinding noise? Have I broken it?",
    "title": "The Undomestic Goddess",
    "author": "Sophie Kinsella",
    "sfw": "yes"
  }
]