[
  {
    "time": "11:45",
    "quote_first": "She pressed a spot above her heart, just to the right of her left breast. He made some joke about that, and she laughed again.<br>I looked at my watch. It was ",
    "quote_time_case": "eleven forty-five",
    "quote_last": " but my cousin still wasn’t back.  It was getting close to lunchtime and the cafeteria was starting to get more crowded. All sorts of sounds and voices mixed together like smoke enveloping the room. I returned once more to the realm of memory. And that small gold pen she had in her breast pocket.",
    "title": "Blind Willow, Sleeping Woman",
    "author": "Haruki Murakami",
    "sfw": "yes"
  },
  {
    "time": "11:45",
    "quote_first": "",
    "quote_time_case": "11:45 AM",
    "quote_last": " - 06/05/2014<br>More details have emerged in the investigation into the killings at Val-de-Grâce early Wednesday morning.",
    "title": "The Catacombs",
    "author": "Jeremy Bates",
    "sfw": "yes"
  },
  {
    "time": "11:45",
    "quote_first": "&ldquo;&hellip;I waited till a ",
    "quote_time_case": "quarter to twelve",
    "quote_last": ", and found then that I was in All Souls'. But I wasn&rsquo;t much frightened, for I thought it could be tomorrow as well.&rdquo;",
    "title": "Far from the madding crowd",
    "author": "Thomas Hardy",
    "sfw": "yes"
  },
  {
    "time": "11:45",
    "quote_first": "&ldquo;I will tell you the time,&rdquo; said Septimus, very slowly, very drowsily, smiling mysteriously. As he sat smiling at the dead man in the grey suit the quarter struck, the ",
    "quote_time_case": "quarter to twelve",
    "quote_last": ".",
    "title": "Mrs. Dalloway",
    "author": "Virginia Woolf",
    "sfw": "yes"
  },
  {
    "time": "11:45",
    "quote_first": "As he sat smiling, the quarter struck - the ",
    "quote_time_case": "quarter to twelve",
    "quote_last": ".",
    "title": "Mrs Dalloway",
    "author": "Virginia Woolf",
    "sfw": "yes"
  },
  {
    "time": "11:45",
    "quote_first": "I arrived at St. Gatien from Nice on Tuesday, the 14th of August. I was arrested at ",
    "quote_time_case": "11.45am",
    "quote_last": " on Thursday, the 16th by an agent de police and an inspector in plain clothes and taken to the Commissariat.",
    "title": "Epitaph for a Spy",
    "author": "Eric Ambler",
    "sfw": "yes"
  },
  {
    "time": "11:45",
    "quote_first": "She tucked the phone in the crook of her neck and thumbed hurriedly through her pink messages. &hellip;. Dr. Provetto, at ",
    "quote_time_case": "11:45 A.M.",
    "quote_last": "",
    "title": "Mistaken Identity",
    "author": "Lisa Scottoline",
    "sfw": "yes"
  }
]