[
  {
    "time": "11:59",
    "quote_first": "Leaning in your corner like a candidate for wax\nSidewalk social scientist don't get no satisfaction from your cigarette\nIt's ten to ten and time is running out\nLock up all your memories, get outa here, you know that we can run\nToday can last another million years\nToday could be the end of me\nIt's ",
    "quote_time_case": "11:59",
    "quote_last": ", and I want to stay alive",
    "title": "11:59",
    "author": "Blondie",
    "sfw": "yes"
  },
  {
    "time": "11:59",
    "quote_first": "There is a big grandfather clock there, and as the hands drew ",
    "quote_time_case": "near to twelve",
    "quote_last": " I don&rsquo;t mind confessing I was as nervous as a cat.",
    "title": "The Adventure of Johnnie Waverley: A Hercule Poirot Story",
    "author": "Agatha Christie",
    "sfw": "yes"
  }
]