[
  {
    "time": "11:58",
    "quote_first": "And when you go down the steps, it&rsquo;s always ",
    "quote_time_case": "11.58",
    "quote_last": " on the morning of September ninth, 1958.",
    "title": "11/22/63",
    "author": "Stephen King",
    "sfw": "yes"
  },
  {
    "time": "11:58",
    "quote_first": "",
    "quote_time_case": "Two minutes before the clock struck noon",
    "quote_last": ", the savage baron was on the platform to inspect the preparation for the frightful ceremony of mid-day. The block was laid forth-the hideous minister of vengeance, masked and in black, with the flaming glaive in his hand, was ready. The baron tried the edge of the blade with his finger, and asked the dreadful swordsman if his hand was sure? A nod was the reply of the man of blood. The weeping garrison and domestics shuddered and shrank from him. There was not one there but loved and pitied the gentle lady.",
    "title": "Burlesques",
    "author": "William Makepeace Thackeray",
    "sfw": "yes"
  }
]