[
  {
    "time": "11:56",
    "quote_first": "A few minutes' light ",
    "quote_time_case": "around noon",
    "quote_last": " is all that you need to discover the error, and re-set the clock – provide that you bother to go up and make the observation.",
    "title": "Odalisque: The Baroque Cycle #3",
    "author": "Neal Stephenson",
    "sfw": "yes"
  },
  {
    "time": "11:56",
    "quote_first": "I wondered what the time is?&lsquo; said the latter after a pause&rsquo;. &lsquo;I don&rsquo;t know exactly&rsquo;, replied Easton, &lsquo;but it ",
    "quote_time_case": "can&rsquo;t be far-off twelve",
    "quote_last": ".'",
    "title": "The Ragged Trousered Philanthropists",
    "author": "Robert Tressell",
    "sfw": "yes"
  }
]